"L11","L21","A1","L12","L22","A2","L13","L23","A3","C","Y"
0,-0.375602871669773,0,1,0.863899834340486,1,1,-0.946857701709716,1,0,0
1,-0.561876363549783,0,1,0.141967280562303,1,1,-0.0547036233713873,1,0,0
0,-0.343917234128459,1,1,-0.238338227255375,0,1,-1.02368363991662,1,0,1
1,0.0904966471392212,1,1,-0.268667238245977,1,1,-1.36831767635292,1,0,1
1,1.59850877114583,0,1,1.89057769003099,1,1,1.01967345163315,1,0,0
0,-0.088565112138884,0,0,-1.0465424297801,0,1,-0.998892610228851,0,0,1
1,1.08079949615152,1,1,-1.26478298108174,1,NA,NA,NA,1,NA
1,0.630754115650567,1,1,0.207323061222492,1,1,0.422669626895614,0,0,0
1,-0.113639895506141,1,1,-0.876509611886184,1,0,-2.34383520154165,0,0,1
0,-1.5329020028906,0,1,-0.692445789760339,0,NA,NA,NA,1,NA
1,-0.52111731755252,1,0,-0.219281281604861,0,0,1.93231481919057,0,0,1
0,-0.489870453138474,0,1,0.508359821279839,1,NA,NA,NA,1,NA
1,0.0471544327615272,0,1,-0.439093286981014,0,1,0.00238453064631672,0,0,0
1,1.30019867766682,1,1,-0.362444530163692,1,1,-1.37764393277507,0,0,1
0,2.29307897383109,0,1,1.22013809592342,1,1,0.401030460787743,1,0,0
1,1.54758105898377,1,1,1.13680831878663,1,NA,NA,NA,1,NA
0,-0.133150964328944,1,0,-0.140554995485468,1,NA,NA,NA,1,NA
0,-1.75652739555764,1,1,0.0547438130443756,1,1,-1.35925410171894,1,0,0
0,-0.388779864071743,1,1,-0.702026802455844,0,1,0.237390384802577,1,0,1
1,0.0892072230732945,1,1,0.4702712167574,1,1,0.226504449342386,0,0,1
1,0.845013004067436,0,0,1.10550881305096,0,0,1.79575341457681,1,0,0
1,0.962527968484271,1,1,0.393347445142206,1,0,1.47888343500027,1,0,0
1,0.684309429416465,0,0,0.556855421486697,0,0,-0.368014123875798,1,0,0
1,-1.39527434979947,1,1,-1.67751957204225,1,1,-0.572570493793776,1,0,1
1,0.849643045633355,0,1,0.115784013647446,1,1,-2.06937544027149,1,0,1
1,-0.446557216427222,1,1,-0.693883112505144,1,1,-1.5044253149006,0,0,1
1,0.174802700161256,1,1,-0.563709759240086,1,1,-0.0363881950115783,0,0,0
1,0.0745511771737346,1,1,0.280500056973088,0,0,-0.798139121882514,0,0,0
0,0.428166764970505,1,1,-0.395233740701178,0,0,-0.0519761704726851,1,0,1
0,0.0246749828261399,0,1,-0.0580394301747577,0,1,-1.12946440898265,1,0,0
1,-1.66747509758566,0,1,-1.5180566363585,1,1,-1.82937902229431,0,0,1
1,0.736495964773442,0,1,0.0299116538433926,0,0,-0.225841099528366,1,0,1
1,0.386026568349676,0,1,-0.0757523581290065,1,1,-1.35019494547055,1,0,0
1,-0.265651625278222,1,1,-3.14656158653853,1,0,-4.21913288308563,1,0,1
0,0.118144511046681,0,0,-1.30575944169098,0,1,-0.409783391317913,0,0,1
0,0.134038645368463,0,1,-0.00546758726772736,1,NA,NA,NA,1,NA
1,0.221019468561002,1,1,-0.854774040583998,0,1,-0.490672446230856,0,0,1
0,1.64084616597749,0,1,-0.380446245218693,1,1,-1.37897084829766,1,0,0
0,-0.219050378933476,0,0,-2.10106336550976,1,1,-0.65032802549444,1,0,1
0,0.168065383884658,0,1,-0.270336527971098,1,1,0.242367396075869,0,0,1
0,1.16838387306909,0,0,1.23768770222882,0,0,-1.75482700493551,0,0,1
0,1.05418102337692,1,1,1.80032914361602,0,1,1.82473940933713,0,0,1
0,1.14526311038036,0,0,0.53417476148084,0,0,-1.51246036641309,1,0,1
0,-0.577468001059557,0,0,1.20445084009794,1,1,-0.242324942386459,1,0,0
0,2.00248273029283,1,0,0.584263522782383,0,NA,NA,NA,1,NA
0,0.066700870930183,0,1,0.148882539724651,0,0,-0.755664513060767,1,0,1
0,1.86685184470686,0,1,1.25825123570218,0,1,1.74600938657533,1,0,1
0,-1.35090268603071,1,1,-2.04602858827627,0,1,-0.688500905854064,1,0,1
0,0.0209835863542375,1,1,-0.541226419717765,1,0,-0.476715124117002,1,0,1
1,1.24991457096922,0,1,1.33340498427686,0,1,-1.61128993920638,1,0,0
0,-0.715242187222796,0,0,-1.10734688046359,0,1,-0.357348097490229,1,0,1
0,-0.752688968217742,1,1,-1.19795055399683,1,0,-0.670172123124518,0,0,0
1,-0.938538703606894,1,0,-2.3170401022627,0,1,-0.297572907737734,1,0,0
0,-1.05251327933874,1,1,-0.671904443220014,0,1,-1.50919957208524,1,0,0
1,-0.437159533180399,1,0,-0.493779984201177,1,1,0.190653059930069,1,0,1
0,0.331179172958982,0,0,0.813936937703573,1,1,-1.48823730944348,1,0,1
0,-2.01421049792072,0,0,-2.22691528047726,1,NA,NA,NA,1,NA
1,0.211980433372292,1,0,-0.48677474855909,1,1,-1.54202166452308,1,0,1
1,1.23667504641657,1,0,-1.02572016844156,1,1,-0.247835697451433,0,0,1
0,2.03757401824044,1,0,0.518402360404194,1,1,0.0771125253375326,0,0,1
1,1.30117599220059,0,1,1.79321191610637,0,1,-0.366994559559699,1,0,1
0,0.756774763795962,0,1,-0.125137905036295,1,1,0.381689703550449,0,0,1
0,-1.72673039911433,0,0,-0.14668187861834,1,1,-0.539964096681778,1,0,1
0,-0.601506708006782,1,0,-1.55042193808709,0,1,0.0431968058043031,0,0,0
1,-0.352046456582617,1,1,-1.35455143874161,1,1,-1.1590836335486,1,0,1
0,0.703523902756894,0,0,0.790483701965064,1,0,0.763739103392446,1,0,1
1,-0.105671334003774,1,1,-1.43194793745976,1,1,-1.3942934478318,1,0,1
1,-1.25864862806017,0,1,-2.53228914917552,0,0,-0.350915924894747,1,0,1
1,1.68443570809411,1,0,1.40738628926039,0,1,0.351512279719067,0,0,0
0,0.911391291795963,1,0,0.316052883777828,0,1,0.685314760137715,1,0,0
1,0.237430272491026,1,1,-1.16492430431458,0,1,-0.403890629913346,0,0,0
1,1.21810861032581,1,0,-2.08502448216769,0,0,-0.198652463985469,1,0,0
1,-1.33877428723497,0,1,1.03282262778182,0,0,-0.304631181065958,1,0,0
0,0.6608202977898,0,0,3.72078097016644,1,0,1.53808198295109,0,0,1
0,-0.522912376313422,1,0,-0.553975780801254,0,NA,NA,NA,1,NA
0,0.683745521850712,1,0,0.691679408436545,0,NA,NA,NA,1,NA
0,-0.0608219546600742,1,1,0.694149334744123,1,0,-0.989611712103021,0,0,0
1,0.632960713031451,1,1,-1.08532407702288,1,1,0.489576657865306,1,0,0
0,1.33551761505939,0,1,0.316562577973156,1,0,0.248652891025694,1,0,1
0,0.00729009031689879,0,0,-1.72347599148675,1,1,-1.37544597459721,1,0,0
0,1.01755863695209,1,1,-0.727798913795826,0,1,0.642297018307912,1,0,1
1,-1.18843403514798,1,1,-0.671807234687875,1,1,-1.12049455748219,0,0,1
0,-0.721604440436015,1,0,-1.15151820945888,1,1,-0.512496823093405,1,0,1
1,1.51921771138818,1,1,-0.154602678488988,0,0,0.250893060770607,1,0,0
0,0.377387973023929,1,1,-0.423865564990551,0,0,0.0111056499150494,1,0,1
0,-2.05222282043373,0,0,-2.88977839271247,1,NA,NA,NA,1,NA
1,-1.36403745208238,1,1,-0.544388791809517,1,1,-2.22303867350595,0,0,0
1,-0.200781015589121,1,0,-2.24388339672998,0,1,-2.80354240813882,1,0,1
1,0.865779404334488,1,1,-0.475680460248404,1,1,-1.39413658912547,0,0,0
0,-0.101883255715222,1,1,-0.989505089916442,1,0,-0.511959352755754,1,0,0
0,0.624187472020653,1,1,-0.406500080845872,1,1,-1.14228752392576,1,0,0
1,0.959005377787825,0,1,1.7394686336297,0,1,-0.533616616653092,1,0,1
0,1.67105482886294,1,1,-0.2465325034839,1,1,1.33321135020813,1,0,1
1,0.0560167332749619,1,1,-1.45508922907442,1,0,-0.725535191488598,1,0,1
0,-0.051981906180899,1,1,-2.04564494803429,1,1,0.223795626248485,1,0,1
0,-1.75323735914227,1,0,-2.18231676118238,0,1,0.121877973130096,1,0,0
1,0.0993275940878275,1,0,-1.81652091032382,0,1,-1.51963957352642,1,0,1
0,-0.571850057895563,1,1,-0.377978832699486,0,NA,NA,NA,1,NA
0,-0.974009582804091,0,1,-1.35000903740992,1,1,-2.81568549697467,1,0,1
1,-0.17990623104754,1,1,-0.485911080495634,1,1,-0.202482087138137,1,0,1
1,1.01494317274366,0,0,0.161044098523908,0,1,1.70418130148929,1,0,1
0,-1.99274848868858,1,1,-2.9299364242551,1,0,-3.08545309020015,1,0,0
0,-0.427279287205429,1,1,-1.50424742932541,1,1,-2.65432136148188,0,0,0
1,0.116637283582706,0,0,0.743431096849031,0,NA,NA,NA,1,NA
0,-0.893207570054953,0,0,0.456472300927091,0,0,-1.28824288513719,0,0,0
1,0.333902942499225,1,0,1.47252474555024,0,0,2.65787393054366,1,0,1
1,0.411429920615731,0,1,0.00213465190808448,0,NA,NA,NA,1,NA
1,-0.0330361592759917,1,1,-2.21234489362014,1,1,-3.52106750064862,0,0,0
0,-2.46589819376003,0,0,-2.00136612389517,0,1,-0.645764166215164,1,0,1
0,2.57145814586664,0,1,1.69421757777347,1,1,0.252290654697728,0,0,0
1,-0.205299257468199,1,1,1.09748670616062,1,0,-2.61967018010436,1,0,1
0,0.65119328158767,1,1,-0.0643942357664421,1,1,-0.774055148207173,1,0,1
0,0.273766491036548,0,0,1.27727007064674,1,0,-0.448625732543666,0,0,0
1,1.02467323481835,0,1,1.08041792210144,1,0,-1.04708803170654,0,0,1
1,0.817659446374088,0,1,-0.959261898930289,1,0,-0.940914129714463,0,0,0
0,-0.209793171228509,1,1,-0.776009237879113,1,1,-0.237114316645749,1,0,1
1,0.378167772208507,1,0,0.794345422451936,1,1,1.62418154444002,1,0,0
1,-0.945408831123893,1,1,-0.296608305966033,1,1,-3.48081179907843,1,0,0
1,0.856923010899318,1,0,0.192257647017457,1,1,0.339740151318693,1,0,0
0,-0.461038338884354,1,0,-0.253404924065298,0,NA,NA,NA,1,NA
1,2.41677335378821,1,0,0.0169813766847032,0,1,1.16482085372286,1,0,1
0,-1.65104889568819,1,1,-2.6449097611883,1,1,-1.67659320643631,1,0,0
0,-0.463987242966015,1,1,0.5634321693483,1,0,1.02667325673458,1,0,1
0,0.825379862759242,1,1,-1.50752956028731,1,0,-2.93652608590031,1,0,1
0,0.510132546878663,0,1,-0.683829646266498,1,NA,NA,NA,1,NA
1,-0.589481038515,0,1,0.13422447326234,0,NA,NA,NA,1,NA
0,-0.996780742207522,0,0,-1.76058492049336,1,1,-0.332430214327256,1,0,0
0,0.144475704710697,0,1,-0.479632560917443,1,0,-1.17098478909372,1,0,1
0,-0.0143074131669134,0,1,-1.18995321336593,1,1,-0.150959760754228,0,0,1
1,-1.79028123726406,0,0,-0.47447706090308,1,0,-1.18219940592742,1,0,1
1,0.034551067133851,0,1,0.263588550205021,1,1,-0.9974431287906,1,0,0
1,0.190230315692457,1,1,-0.183000148880084,1,1,-0.766120772984258,1,0,1
1,0.174726396981842,1,1,-0.170172029363443,1,1,-1.85433818706402,0,0,1
1,-1.05501704260268,0,1,-0.170262774922402,0,NA,NA,NA,1,NA
1,0.476133278302629,0,0,0.677423131121832,1,0,0.948715394043332,0,0,0
1,1.37857013695924,0,0,-1.4793764881946,1,0,0.412140460208428,0,0,0
1,0.456236403179813,1,1,-0.620698159769962,1,0,0.103905599743375,0,0,1
1,-1.13558847037434,1,0,-1.15533042263527,1,1,-1.50253038650622,1,0,0
1,-0.435645469691905,1,0,-0.193146532198193,0,1,0.221906619440523,1,0,0
0,0.346103619553607,1,1,-1.51443426622848,1,1,-1.3587274841695,1,0,1
0,-0.647045631318269,1,0,-1.32312300547505,1,1,-2.42058897567332,1,0,1
0,-2.15764633501528,0,1,-2.1524661582588,1,1,-1.51882486798868,1,0,0
0,0.884250820028209,1,1,0.999365622723785,0,1,-0.524610516309916,0,0,1
0,-0.829477611624518,0,1,0.864333777397075,1,1,-1.3284573302486,0,0,1
1,-0.573560270768283,1,1,-0.199103410024909,1,1,-0.0740462436465461,1,0,1
0,1.50390060900454,1,1,-0.970453078074723,0,1,-1.3931584261437,1,0,1
0,-0.774144929605405,0,1,0.0648796519339513,1,0,-0.811608924542639,0,0,0
0,0.845731540189296,1,1,1.07331495647556,1,0,-1.13705809864365,1,0,0
0,-1.26068287881878,1,1,-0.962400458672928,1,1,-1.12525580348332,1,0,1
1,-0.354542403073978,1,1,-1.44338053443296,0,0,-0.429343714065991,0,0,1
1,-0.0735560191364783,1,1,-1.82289625017959,0,1,-0.608902870422885,0,0,0
0,-1.16865142442436,0,0,-1.24962850777233,1,1,-2.20007223111556,1,0,0
0,-0.634748264908909,1,0,-0.102525776505116,1,0,0.706779361774019,1,0,0
0,-0.0288415529283144,1,1,-0.946081876846085,0,0,0.819930774621347,1,0,0
0,0.67069596873393,0,0,0.562962924307053,1,1,0.154391888564276,1,0,1
0,-1.65054654342511,1,1,-0.0303274760422498,1,1,-0.557684190136778,0,0,0
1,-0.349754239211268,1,1,-0.296542179136179,1,0,-0.770928186247009,0,0,0
0,0.756406438545484,1,0,1.24287600074628,0,0,0.878983946312887,0,0,1
0,-0.538809159977592,1,1,-2.4709843826492,0,1,-1.05906860260196,1,0,1
0,0.227291921672942,1,1,-0.667030318877321,1,NA,NA,NA,1,NA
1,0.492228570064431,0,0,0.111182304524409,1,0,0.209414323176937,0,0,0
0,0.267835015331683,0,0,0.712506799274356,1,0,-0.479515142740356,0,0,1
1,0.653257679471382,1,1,-1.54257778179328,1,1,-0.341943962394467,0,0,1
0,-0.12270866097738,0,0,0.744830524958599,1,1,-0.165267549291324,0,0,1
0,-0.41367651359212,0,0,0.100551819366273,0,0,-1.70541810685303,0,0,0
1,-2.64314895202898,1,0,-1.75776846240977,1,1,-1.47860460058829,0,0,1
1,-0.092941018479472,0,1,0.26201428236531,1,1,-0.121972406163471,0,0,0
0,0.430284696359987,0,1,0.0987839083029992,1,0,0.5794236269852,1,0,1
0,0.53539884086815,0,1,1.19324551893319,1,1,-0.0431668079182981,1,0,0
0,-0.555278351313252,1,1,-0.129409401925136,0,NA,NA,NA,1,NA
1,1.77950290977515,0,1,0.539542080719875,0,1,0.0746028062852991,0,0,1
0,0.286424419628825,1,1,0.683589229155112,1,1,-1.55741730738992,0,0,1
1,0.126315858458886,1,1,-0.344283385824375,1,1,-1.84824739656194,1,0,0
1,1.27226677946852,0,1,1.10488478917372,0,1,-0.673184656648106,0,0,1
1,-0.718466221319259,1,0,-1.65341075228385,0,1,-1.62593230065449,1,0,1
1,-0.450338623924712,0,1,1.15526252502356,0,1,1.51476035306847,1,0,0
0,2.39745248004976,0,0,1.1947372956749,1,1,-0.734160251706394,1,0,0
1,0.011129187220888,0,0,0.65340736250392,1,0,-0.612359092701006,1,0,0
1,1.63356842140831,0,1,0.516667684811462,1,1,-0.257492696194016,1,0,1
1,-1.43850664491452,1,0,-1.69888322943786,1,1,-0.45906198913974,0,0,1
1,-0.190516802042901,1,0,-0.0108201557414443,0,1,-0.672115087945707,1,0,1
0,0.378423903636832,1,0,-1.89540469277276,0,1,-1.77392621025637,1,0,1
1,0.300038545205798,0,1,0.428385420396929,1,1,-1.00442301201538,1,0,0
0,-1.00563625951084,1,1,-0.609251756760604,0,0,-1.67634457761368,1,0,1
1,0.0192592746253708,1,1,-3.38569973181183,1,1,-1.4728165164361,1,0,0
0,-1.07742065311198,1,1,-0.670332998022734,1,0,-3.21712463311031,0,0,1
0,0.712703325244282,1,0,-2.31206608472486,0,0,-1.68372511971733,1,0,1
1,1.08477508986065,0,0,1.00219192182304,1,0,-1.44004406118235,1,0,1
1,-2.22498769648741,0,1,-1.7664075816249,0,1,-3.03998857500222,1,0,1
1,1.23569346230014,0,0,-0.277090094084822,1,1,-0.609886849963149,0,0,1
0,-1.24104449680849,1,1,-1.12736855157691,1,1,0.274551385534323,0,0,0
0,0.454769268982633,0,0,1.60043667947531,0,0,2.43485869453747,0,0,0
1,0.659902638142608,1,1,-1.00537175814659,1,1,-1.76546208742606,1,0,1
1,-0.199889828101433,0,0,0.25815837989806,0,0,-0.567876518569214,0,0,0
1,-0.645113956859792,0,0,-0.181399110008019,1,1,-1.1289258584756,1,0,1
0,0.16532102124205,1,0,-1.59685811852053,1,1,-0.588318827476415,1,0,0
0,0.438818700714454,1,0,-2.02161266697674,0,1,-3.57250329646839,0,0,0
1,0.883302819948705,0,0,-1.75093436126479,0,NA,NA,NA,1,NA
0,-2.05233698390195,1,1,-0.974894280483087,1,1,-1.5929875212491,0,0,0
1,-1.63637926805902,1,1,-1.55293169556081,1,1,-2.22040434463151,0,0,0
0,1.43040234118818,1,0,2.06577287420471,0,0,-0.973233594217768,0,0,0
1,1.04662884711155,1,0,0.396989531818818,1,0,-0.507331651873544,0,0,0
1,0.435288948907682,1,0,0.36734036553645,0,1,-1.46538658968764,1,0,0
1,0.71517840711106,0,1,1.49197278889048,1,1,0.0306785212529052,1,0,1
0,0.917174917641003,1,1,-0.542131639144472,0,1,-1.36596749708566,0,0,0
1,-2.66092279846568,0,1,-1.02036347100435,0,1,-0.663862011318609,1,0,0
0,1.11027709663882,0,0,1.42393181856356,0,0,1.17296998866557,0,0,0
0,-0.484987596562325,0,0,1.12685788972187,0,1,0.0596901776629882,0,0,0
0,0.230616830631202,1,1,0.37795956164197,0,0,-1.03341867539502,1,0,1
0,-0.295157800883577,0,1,0.273568272595544,1,0,-1.17495809273254,0,0,1
0,0.871964954078744,0,0,-0.432241570231851,1,0,-1.38351428833042,0,0,1
0,-0.348472448955611,1,0,0.055324136479888,1,1,-1.96561376081553,0,0,1
0,0.518503765888248,0,0,0.759517755362411,1,0,-0.900859336224991,1,0,1
1,-0.390684978638979,0,1,0.238907764387421,0,1,-0.273951252663443,0,0,0
0,-1.09278720910151,1,1,-0.622748558978496,0,1,-0.732207589288647,1,0,1
1,1.21001051044026,0,1,0.203167210510128,1,1,-0.268874654857644,0,0,0
0,0.740900011274274,1,1,-0.206415892796877,1,1,0.488667776725101,1,0,1
0,1.72426223915645,0,1,1.54949523285974,0,1,0.908418648093738,0,0,1
1,0.0651539325793032,0,1,0.00420847321419202,1,1,0.777891211349153,0,0,1
1,1.12500274582817,1,1,-0.967607201412902,1,0,-1.83172956542676,0,0,0
0,1.97541905401908,1,1,0.197550407203872,0,0,1.24944361360226,1,0,0
1,-0.281482115038967,1,1,-2.15986678169599,1,1,-1.18652448303039,1,0,1
1,-1.32295111275522,1,0,-2.32850745904652,1,0,-2.85596261475729,1,0,1
1,-0.239351567138116,1,1,-0.964286853704575,0,1,-0.279972414367063,0,0,0
0,-0.214041239985383,1,0,-2.40515317636762,1,0,-2.94026942875329,1,0,1
0,0.15168050450932,1,1,-2.11270222233692,1,1,-0.809120435476747,1,0,0
0,1.71230497731928,0,0,1.95871768809573,0,0,0.439612699020279,1,0,0
1,-0.326143892505348,0,1,-0.939690870464114,1,1,-1.40595562226868,0,0,0
1,0.373004655804915,1,0,-2.36518940164903,1,NA,NA,NA,1,NA
1,-0.227684064895531,1,1,-0.92670527187674,1,0,-2.01553092830267,1,0,1
1,0.0204507085250325,0,0,1.13129462148403,1,1,1.7677870199388,1,0,0
0,0.314057663506262,0,1,0.819283128687772,0,0,1.20144608724666,1,0,1
1,1.32821469603699,1,1,0.405490546372131,1,0,0.177958350213514,1,0,1
0,0.121318377490778,1,0,0.74440510102523,1,NA,NA,NA,1,NA
0,0.712842320031113,1,1,-0.915080281085337,1,1,-0.421206325990861,1,0,0
0,0.778860029783535,1,1,0.619119206243804,0,0,0.771272380037853,1,0,0
0,0.914773270855634,0,1,-0.129698980351043,0,0,1.33867110820576,0,0,1
1,-0.574394552184383,0,1,-0.486433089729678,1,0,-0.0931767666523993,1,0,1
0,1.62688121419468,1,1,2.52790592643746,0,0,0.857763956761218,0,0,0
1,-0.380956739294013,0,0,0.578956026062254,0,1,0.0745850697712314,1,0,1
1,-0.105784167649752,1,1,0.0151156298923388,0,1,-0.660514749389958,1,0,0
1,1.40405026771417,0,0,-0.606302777961074,1,1,-1.16688994979637,1,0,1
0,1.29408390614558,1,1,-0.639193966921923,0,1,-0.756280922956489,0,0,1
1,-1.08999187241124,1,0,1.03912054405598,1,0,1.24244102162626,1,0,1
0,-0.873071000417463,1,0,-2.02983626418204,1,1,-3.84327776478911,1,0,1
1,-1.35807905937061,1,0,-1.16456015440023,0,0,-1.28412590561046,0,0,1
0,0.181847192619832,1,1,0.483494655946988,1,0,-0.591133391393162,1,0,0
1,0.164840867918466,0,0,0.901178406301491,0,0,-0.832669200602454,1,0,1
1,0.364114687355063,0,1,1.07116935459677,0,0,1.95468528740392,1,0,0
1,0.552157714218558,1,1,-0.587050132775936,1,1,-1.22747336739983,1,0,1
0,-0.601892845985016,0,0,-1.12193312011251,0,NA,NA,NA,1,NA
0,-0.993698591098714,0,0,-0.804106528537997,1,0,-1.79366705107967,0,0,1
1,1.0267850560749,0,1,-0.588705480502011,0,0,0.378042422262434,0,0,1
0,0.751061302606323,1,0,0.502599394418145,1,NA,NA,NA,1,NA
1,-1.5091665373287,0,1,0.165771759761756,1,0,-0.741382623931363,1,0,0
1,-0.0951474508492868,1,1,1.37963982706888,1,NA,NA,NA,1,NA
0,-0.895947822756499,0,0,-0.0818595284465304,0,0,-0.989464824278369,1,0,0
0,-2.07075107054196,1,1,-2.41015691246467,1,1,-0.588433745503151,1,0,1
0,0.150120131188143,0,0,1.0995349285873,1,1,0.772424390639619,1,0,0
1,-0.0792117092585882,0,0,0.665153039066016,0,0,-1.99667694332452,1,0,1
1,-0.097369267513081,0,0,-0.486933329659367,1,1,-1.38869921064721,1,0,0
1,0.216152541801233,1,0,-2.1497786329717,0,1,-1.30900681082738,1,0,1
1,0.882465164396587,1,1,0.502542477592208,1,1,-1.55688943458442,1,0,1
1,0.205597504483387,1,1,0.53194314788332,0,0,-0.207252601660497,1,0,1
1,-0.616435842873528,1,1,-1.3033257521427,0,1,-1.98510403033554,1,0,1
1,-0.734799251921281,0,1,-0.0311568076026151,0,1,0.143729549929265,1,0,0
0,-0.131802793041181,0,1,-0.341791871271101,1,NA,NA,NA,1,NA
0,0.310016986578952,0,1,0.837323738426989,0,0,1.02964622235288,0,0,0
0,-1.03968035270204,0,1,-0.63713089106587,0,1,-0.102109309599364,1,0,1
1,-0.184308868842384,0,1,-0.636830298341254,1,NA,NA,NA,1,NA
1,0.967267260167914,0,1,0.395254128281167,0,0,-0.388510813147517,1,0,0
0,-0.108280091234486,0,1,-0.337545360599539,0,1,-2.5220760477362,1,0,0
0,-0.69842066759439,1,1,-1.44022749825148,0,0,-0.894454536045853,1,0,0
0,-0.27594516842554,0,1,-0.453909515455168,1,0,-0.277105912702087,0,0,1
1,1.11464854536198,1,0,-0.150827879644545,1,1,-0.976649539335076,1,0,1
1,0.550043961214136,1,0,-0.217482878674458,0,1,1.29213503829568,1,0,0
1,1.23667580008161,1,0,1.45076152166664,0,0,1.82014943951939,0,0,0
0,0.139097857161771,0,0,-1.2884489023726,1,1,-0.606731152265084,1,0,1
0,0.410275096490425,1,1,-0.49448150230773,1,1,-0.877465993379254,1,0,0
1,-0.558456912348133,1,1,-0.34770532839324,0,0,-0.925353297390405,0,0,0
1,0.605370668930333,1,1,1.36470623790803,1,1,-0.194590248827926,1,0,1
0,-0.506333542189239,1,0,-0.327152408479125,1,1,-0.194398356569637,0,0,0
0,-1.42056550469574,0,1,-0.724036168823272,0,1,0.405778703836054,1,0,1
0,0.127992965684126,1,1,-0.743560426754296,1,1,-1.36789487019148,1,0,0
0,1.94585121773144,0,0,1.38723377297401,1,0,-0.534636371936632,0,0,0
0,0.800914339573062,0,0,1.38951508998292,0,0,3.17036340685756,0,0,0
0,1.16525338994626,1,1,-0.101231615572923,1,1,-0.232058637436761,1,0,0
0,0.358855723093152,0,0,0.343189268393134,0,1,-0.732008571140886,1,0,1
0,-0.608557178316224,0,0,-0.0873422450137282,0,1,0.887307933836387,1,0,1
1,-0.202240855110284,0,1,0.428157206654514,1,1,-0.42423489877489,1,0,1
0,-0.273248106811925,1,1,0.474756353618726,1,1,0.364167425330996,0,0,1
0,-0.468699779782087,1,0,-0.455189072951413,1,1,-0.675797583914877,1,0,1
0,0.704167283929716,1,1,-0.224087029582322,1,1,-0.87047256603637,1,0,1
1,-1.19736350236541,0,1,0.59598138102587,0,1,0.188602311225196,0,0,0
1,0.866366132112773,1,0,-0.102282816338029,1,0,-0.138360611116466,1,0,0
1,0.864152486225893,1,1,1.30992822190643,0,1,-0.155121620590718,1,0,0
1,-1.19862235906875,1,1,-1.36123383715392,1,0,-2.0359801488501,1,0,1
0,0.639491997900534,1,0,0.433668963143952,0,1,0.0320552754326155,1,0,1
0,2.43022665234451,1,0,-0.830975268072985,0,0,-0.244186202399403,0,0,0
1,-0.557215481941608,1,0,-1.09099970230821,1,1,-1.3628763064235,0,0,0
1,0.844904241408072,1,1,-0.29934241925685,0,1,-0.0326866471705233,1,0,1
0,-0.782201845619403,0,0,-1.14944634022625,1,NA,NA,NA,1,NA
1,1.1107114182028,1,1,-1.1805371753209,1,NA,NA,NA,1,NA
1,0.249824719926562,0,0,0.873071662515092,0,NA,NA,NA,1,NA
1,1.65191539162316,0,0,1.5401164297393,0,0,1.16793532792996,0,0,0
0,-1.45897072853692,1,1,-2.52821735911492,0,1,-1.86113681295204,1,0,0
0,-0.0512978861253612,0,0,0.398729851871661,1,NA,NA,NA,1,NA
0,-0.526925176125598,0,0,-1.37600790801788,1,1,-0.402885422965383,1,0,1
0,-0.197264869076299,0,0,-1.14970566071971,1,0,-1.28517364458921,1,0,1
0,-0.629578742686005,0,1,0.210623076923353,1,1,-0.40257349766164,1,0,0
0,-0.833843580535001,1,1,-1.60294579036055,1,1,-1.76619852127873,1,0,1
0,0.57872237461645,1,1,0.782841169430439,0,1,-0.309970473221539,1,0,1
1,-1.08758071407693,0,1,-0.705266757963118,0,1,0.0495564345386965,0,0,1
0,1.48403093155628,1,0,0.778164441563865,1,1,0.0305767791320809,1,0,1
0,-1.18620658531375,1,1,-1.61672999054304,1,1,-0.206552328301179,1,0,1
1,0.10107915139528,1,0,-1.80068175924595,1,0,-2.52573773729772,0,0,1
1,0.532989286826481,0,1,0.981246884415996,1,1,-0.344683963841397,1,0,1
0,0.586735339092625,0,1,0.531439161109027,1,0,-0.643269368265275,1,0,1
0,-0.30174666386638,0,1,-0.389941091387897,0,1,-1.46983287960762,0,0,0
1,0.079501995328401,1,1,-0.591013675790063,1,1,0.00235188836323674,1,0,1
1,0.961264151809677,0,0,1.60654041850408,1,1,0.195870460177898,1,0,0
0,-1.45646591707643,1,1,-1.92639959315829,0,1,-2.54875778701061,0,0,1
0,-0.781739711532082,1,1,-1.64027830022922,1,1,-2.11227977750883,1,0,1
1,0.32040231431661,0,0,-0.65941389554905,0,0,-1.43504050842062,0,0,0
0,-0.444781978336992,0,1,-1.80738225737836,0,1,-0.0646026160747635,0,0,0
0,1.370003993971,1,1,1.00463013448924,0,1,2.84521952410673,0,0,0
1,0.673253863354836,1,1,-0.171003421578336,1,0,-1.45921752992558,1,0,1
0,0.0721667524147558,1,1,-0.256744649574693,1,1,-0.920602332889144,0,0,1
0,-1.50775731753668,0,1,-0.797226013116027,1,1,-0.818877972267356,1,0,1
1,0.0261002253262418,0,1,-0.697110328760989,1,1,1.66040425462631,1,0,0
1,-0.316415868196993,0,1,-1.18162654787472,0,1,-3.1198167376131,1,0,1
0,-0.102346513520598,1,1,0.300683146532373,1,NA,NA,NA,1,NA
1,-1.18155922705569,0,1,-2.21696428644799,1,1,-3.01127690045174,1,0,1
1,0.498658043829925,1,0,-0.0103720361196263,1,1,-0.732810824296728,1,0,1
0,-1.03895644030703,1,0,-1.8120898709112,1,1,-1.68194415304161,1,0,1
0,-0.22622198144241,1,1,-0.330800776175738,0,1,-1.0952091941128,1,0,0
1,0.381425829451352,0,1,-0.749977607464477,1,1,0.759166913791307,1,0,0
1,-0.783515789013048,1,0,-1.61509957719055,1,0,-1.0504844515303,0,0,1
1,0.582991405680064,0,0,1.86086161986704,1,1,2.82401618412148,1,0,1
1,-1.31651040165169,0,0,-0.189972581892334,0,0,0.728630335272186,0,0,0
0,-2.80977467896054,1,1,-4.04978436375593,1,1,-3.990204332134,1,0,0
0,0.464967990785852,0,0,0.358896411493243,0,NA,NA,NA,1,NA
1,0.840539826961,1,0,-0.731543022776725,0,1,-0.0927330922254101,1,0,1
0,-0.285845423591384,0,0,-1.27954889957336,1,1,-1.71767339087172,1,0,1
0,0.504126254591608,0,0,0.461849017726998,0,0,0.585214197941109,0,0,1
0,-1.15591652508367,1,1,-0.947992746522473,0,1,0.0585762686969816,1,0,1
1,-0.127148606825662,0,1,-0.592080875980915,1,1,-0.574918161339387,0,0,0
0,-1.94151837604062,1,1,0.501944379317142,1,1,-0.583640644512279,1,0,1
0,1.18118089143852,1,1,-2.1580996210973,1,0,-2.42258874441122,1,0,1
1,1.85991086154316,1,1,1.06817481805007,0,1,-0.955233280139129,1,0,0
0,1.07401226028199,1,0,-0.252017140321578,0,1,0.214886328437525,1,0,0
1,-0.0273469664137418,0,0,0.442839927372512,0,1,1.14375563777915,0,0,0
1,-0.0333303422759193,1,1,-1.17066287177664,1,1,-1.3650008456335,1,0,1
0,-1.5160676231511,1,0,-1.85189837402065,1,NA,NA,NA,1,NA
1,0.790385343888228,1,1,-2.01518699445051,1,1,0.519936186298745,0,0,1
1,-0.210734180691776,1,1,-1.01481551861863,1,1,0.726413522648393,1,0,1
1,-0.656742925361075,0,1,1.95037433867655,0,1,0.280281692562141,0,0,1
0,-1.41202579265831,1,1,-0.216310688199785,1,1,-0.261443502704827,1,0,1
0,-0.299762496646272,0,1,1.52569090750369,1,0,-0.639365183994288,0,0,0
1,-0.849061135016708,0,1,0.290434750805687,0,NA,NA,NA,1,NA
0,-0.397030520327837,0,0,0.945747447797937,0,0,0.41451058382222,1,0,0
0,-1.2175999877636,0,0,0.294076420617308,1,0,-0.0753742116246998,0,0,1
1,1.6875894829457,1,1,0.619187173237952,0,0,-0.749421027790225,0,0,0
0,-0.0160025272079689,0,0,-0.590530037600992,0,1,0.910112897032146,0,0,0
0,1.07494507727239,0,0,0.00453780131271742,1,1,-0.581911065820511,0,0,1
1,-2.60169967025765,1,1,-3.60168983150411,1,1,-2.94676487370712,1,0,1
0,-0.453197829994837,1,1,-0.732416628877411,1,1,-1.14282968705389,1,0,0
0,-0.675482291592071,0,0,0.561614530060677,1,1,-0.142794354973786,1,0,0
0,-1.22292617936591,1,0,-0.0795405331568833,0,1,1.5970937451154,1,0,0
0,1.54660915422409,1,0,0.368437281567466,0,0,-0.926505347550017,1,0,1
0,-1.41528191976949,1,0,-1.75526857710666,1,0,1.08135691493765,0,0,0
0,0.318390260408025,1,1,2.94971257352254,0,1,0.50154390029826,1,0,0
1,0.846436285579692,1,1,0.45990367404027,1,0,-0.2954047880198,1,0,1
0,0.178190188418023,0,0,1.50967039908815,0,0,-1.30330616520518,0,0,1
1,-0.875255477495516,1,1,-1.47530837941508,0,1,-1.59211472003726,1,0,0
1,0.941165806724167,0,1,0.232625276307489,1,1,0.148086002282477,1,0,1
1,0.170588081840838,1,0,-0.166098861372855,1,1,-0.0778163721074079,0,0,1
0,-1.06349790638204,1,1,0.644773358757272,0,1,0.532958901131185,1,0,0
0,-1.38804904760206,0,1,-1.00549906925716,1,1,-1.66951483816127,1,0,1
1,2.08671743449315,1,0,1.19697438402964,0,0,-1.24508527404301,1,0,1
1,-0.678503145418437,0,1,-2.63406620702945,0,1,-2.58985773057414,1,0,1
1,-1.85557165391804,1,1,-2.13504026104065,1,1,-1.99734889584437,0,0,1
0,0.533259362753652,0,1,-1.02537939538649,1,0,-0.591052522702544,1,0,1
1,0.310230256060895,1,1,0.568477845387547,0,1,0.921684404083472,1,0,0
1,-1.3538343357226,1,0,-1.54137025614156,0,1,-1.07357317722469,1,0,0
1,-1.94295641358195,0,1,-1.56185228879772,1,1,-1.63247867881125,1,0,1
0,-0.116302517158606,1,1,0.810948587619272,1,1,-0.457377228714105,0,0,0
0,1.13939629170942,0,1,1.68597100409474,1,1,0.200831035003094,0,0,0
0,0.636124035182149,0,0,-0.579959185876423,0,0,1.24716529264794,0,0,0
0,-0.492937424161977,0,0,0.181397775528658,0,1,-0.636013640326063,1,0,1
1,-0.834188231584378,1,1,-2.34553868430444,0,NA,NA,NA,1,NA
0,0.271066756750545,1,1,-0.840081645835906,1,NA,NA,NA,1,NA
1,0.157353347216158,1,1,0.995254310755029,1,1,-1.54063873780754,0,0,1
1,0.629711746692728,0,1,1.56498382467681,1,1,-0.838537322864545,1,0,1
0,-0.395797950288896,0,0,0.911119780322389,0,0,0.655821838770301,0,0,1
0,0.899354053203099,1,0,-0.621226859728774,0,0,0.116455697874708,0,0,1
0,-0.830811527336248,1,1,-2.79683723394368,1,1,-0.958328407591525,1,0,1
0,-0.330544700119963,0,0,-1.34097053408414,1,1,-1.63619122348058,0,0,1
0,0.740814523725905,0,1,1.32296378649047,0,1,1.91538251447959,1,0,1
1,0.989971608627113,1,0,-0.495582081851531,1,1,-1.6123472582453,1,0,1
1,-1.93850470145338,1,1,-3.83186049629467,1,NA,NA,NA,1,NA
0,0.107190407016153,0,1,-0.126592284208386,1,NA,NA,NA,1,NA
1,0.60877901173463,1,1,1.01462872699189,0,0,1.41136463843653,1,0,1
1,-1.45082431349063,0,0,-0.281943516225782,1,0,-0.336099646807435,0,0,0
0,0.480625599875217,1,0,-1.08094574359181,1,1,-1.17089476174443,1,0,0
0,-0.828174270396797,0,1,-1.96000378726342,1,1,-1.97361528064361,1,0,1
1,1.02025301216443,1,1,-1.01642071955457,1,1,0.37804509562948,0,0,0
0,0.538482032102641,1,0,-0.196231312627157,0,0,1.10302984774567,0,0,0
0,0.769052294995609,1,0,0.772599848409862,0,NA,NA,NA,1,NA
1,0.120719329287034,1,1,-2.57958049014674,0,1,-2.8808072278896,1,0,1
0,0.863648434157753,0,1,1.455025972353,1,1,1.11280886710636,0,0,0
1,1.38051452831454,1,0,-0.00428500925470924,0,0,0.558469301389988,0,0,1
0,1.96624801545563,1,1,1.05290297733365,1,0,-0.684529496422891,1,0,0
0,-0.028395054749065,0,1,-1.6674530906094,1,1,-1.1372745797336,1,0,1
0,-2.2490510903324,0,0,-1.79117992528838,0,1,-2.91882106655555,0,0,0
0,0.0315260045939917,0,0,-0.432471186968528,0,NA,NA,NA,1,NA
1,0.205561208449975,1,1,0.446671952534015,1,1,-0.0416568182068952,1,0,1
0,-0.155345347144399,0,1,0.950501373823217,1,1,-0.297660952112353,1,0,0
0,0.568288620777075,1,0,0.219234769636874,0,0,-1.1722702592969,0,0,0
0,1.01067796451426,0,0,2.10955116388102,1,1,1.57004171261748,1,0,0
1,-0.517982430167822,0,1,-0.974402414829277,1,1,-0.0241418682126202,1,0,0
1,-0.29409532715611,1,0,0.165489530195869,1,1,-1.35729507335907,0,0,1
1,0.397842208800339,0,1,-0.0370189253905495,0,1,-0.403976091818293,1,0,0
0,-0.550223741489138,1,1,-1.44245396692098,1,1,-0.69061304400024,1,0,1
1,0.0912673834882354,1,1,0.269013730074955,1,1,0.29823170775614,0,0,1
1,-1.9617075988853,1,1,-0.299753468593151,1,NA,NA,NA,1,NA
0,-1.11989972139762,1,1,-0.181699444513963,0,NA,NA,NA,1,NA
0,-1.32775547560413,1,0,-1.67328119322433,1,1,-0.991565189766776,0,0,0
0,-0.853623696727242,0,1,-0.89659948251872,1,1,-3.06431795928903,0,0,1
1,-0.693304527930666,0,0,0.83102358284067,1,0,-1.03456579792803,1,0,0
1,0.38230514254637,1,0,-0.156021022309067,0,0,0.695576615902909,1,0,0
1,0.982113002522641,1,1,0.620630480582441,0,1,-1.59348316522308,1,0,0
0,-0.727383529087535,1,1,-1.20239374820807,0,0,-2.00197400088668,0,0,1
1,-0.996838982378005,1,1,0.0626154452756491,1,0,-0.909477340976542,0,0,1
0,-1.04168885898951,1,1,-1.82959957445695,1,0,-1.91687328836569,0,0,1
1,-0.414588726363674,1,1,-0.281942842315206,0,1,-2.09501617884488,0,0,1
0,-0.239029068152564,1,1,-1.43668949964439,1,0,-0.908965907931277,0,0,0
0,0.483617533838269,1,0,-2.72076624966663,1,1,-2.88183946191708,1,0,1
0,-0.32132484216839,1,1,-2.00361993176387,1,NA,NA,NA,1,NA
0,-2.07848926886002,0,0,-0.90294943521985,0,1,-0.648046924610879,1,0,1
0,-0.0914342755501383,0,0,0.837205611850758,1,1,0.615231546756566,1,0,1
1,1.18718681065156,1,1,-1.85770867776904,1,1,-1.69483579859813,1,0,1
1,1.19160126851033,1,1,-1.35562383466436,1,1,-1.51215990288044,0,0,1
0,-0.78896321811123,0,1,1.37006438751987,1,1,1.63977303776215,1,0,1
1,-1.54777654363757,1,1,-1.90778762164205,1,0,-1.28199892880071,1,0,1
1,2.45806049186527,0,0,1.53473037786324,1,0,0.890905651541722,0,0,0
1,-0.162421942479419,1,1,-1.30814629261703,0,1,-0.379174519477818,1,0,0
0,-0.0974512501056172,0,1,-0.347308510204313,0,1,0.197980371543085,0,0,0
0,0.420574188698147,1,1,-0.202468699045689,1,1,0.534502117515149,1,0,1
1,-1.61403945661912,1,1,-1.49605788551055,1,1,-1.50513310372187,1,0,1
1,-0.728219111191288,1,0,-1.25666976663771,0,0,-0.385490936896422,1,0,1
0,-1.54044240529001,0,1,-1.24001768778874,0,1,1.1496252889199,1,0,1
0,-0.693094614010595,1,1,-3.89440819680402,1,NA,NA,NA,1,NA
0,0.118849433004561,0,1,1.92808021683598,1,0,1.55504908795423,0,0,0
0,-1.36470945798691,1,0,0.608069479249582,1,1,-0.803043456447531,1,0,1
1,0.589982679367313,1,0,-1.50609040203558,1,1,0.457094474302443,1,0,1
1,0.289344028817336,1,1,-0.7234355077013,1,1,-1.7279651336113,1,0,1
1,-0.904215025620639,0,1,0.723167791902174,1,1,-1.15278838076417,0,0,1
0,0.226324942381064,1,0,0.611452494242734,0,1,1.34212887157089,0,0,1
0,0.748081162493843,0,0,1.65064219999269,0,0,1.79025263260926,0,0,0
1,1.06109525326174,0,1,-0.741199291528925,1,0,-0.518888808304382,1,0,1
0,-0.212848278646528,1,1,1.9708439568747,0,0,1.05861050777764,0,0,0
0,-0.0936367939110456,1,0,-1.68027835672585,0,1,-0.598279375021026,0,0,1
0,-0.0867141349819251,1,1,0.210559274392325,0,1,1.96004034324267,0,0,0
1,1.44146175605504,1,1,0.162006858473211,1,NA,NA,NA,1,NA
0,1.12507189227799,0,0,0.158825628176966,0,1,-0.906923502964786,0,0,1
0,0.834401567757039,0,0,0.0377849856975003,0,0,-1.26024763005734,1,0,0
1,-0.287340799840693,1,1,-1.83506721245135,1,1,-0.656778115849331,1,0,1
0,0.373241434166406,1,1,1.30928051284001,0,1,0.208998321086138,1,0,1
1,0.403290331220696,1,1,-0.408841606626901,1,1,-1.03442925921025,1,0,1
0,-1.04167329428932,1,1,-0.761618697930283,1,0,0.702497469373993,1,0,0
1,-1.72830451532074,0,1,-0.854519424599337,0,1,-1.2062861650842,1,0,1
0,0.641830027651616,0,0,-0.0542557392350584,0,0,1.99566673162576,0,0,0
1,-1.52931053118042,1,1,-2.59867651034526,0,0,-2.90877906881626,0,0,1
1,0.00168368848420991,0,1,0.0545681539260663,0,1,1.14511969001152,1,0,1
0,0.250247821348331,1,1,-2.46851553928476,1,1,-1.61113676706755,1,0,1
1,0.563867390305883,1,0,-1.83663324768267,1,1,-1.80691714383296,0,0,0
0,0.189426237514811,0,0,-0.981683576180975,0,0,-0.663678691477562,0,0,0
0,-0.732853806297125,0,0,-1.44510576582092,0,1,0.616421784868459,1,0,1
1,0.986365859895462,1,1,-0.0996282534851887,1,1,0.953991745634292,0,0,1
0,1.73863376690625,1,1,1.96780443177787,1,0,-1.39456560516241,1,0,1
1,0.881178808925443,1,1,-1.77473473960225,1,1,1.83372723855593,1,0,0
0,-1.94365090132398,1,0,-1.03814943006538,0,1,2.05886793934508,1,0,0
1,1.39957618540294,1,1,0.899332846022511,1,NA,NA,NA,1,NA
1,-0.056055946186268,0,0,-1.21756017538201,0,1,-0.673161992897939,1,0,0
0,0.52491427931929,0,0,0.209657738137166,1,1,-1.05871848646809,0,0,1
0,0.62203323587106,0,0,1.13462752055759,0,1,0.474312671688606,1,0,0
1,-0.0966860732067051,1,1,-1.00385213915074,1,1,-0.462066631329535,0,0,0
0,-0.0752631976487263,0,1,-0.258315946075576,1,1,-0.725795158107226,1,0,1
1,1.0191570693309,1,0,0.117305325876068,1,1,-0.249340338857631,0,0,1
1,0.711601922486244,1,0,-0.404212292090149,1,0,0.776701456651317,0,0,0
0,0.990262246044231,0,0,-0.0605217669171021,1,1,-2.7341293620394,1,0,1
0,2.38292669523033,1,0,0.552848328154273,0,1,-0.215018883324685,0,0,1
1,0.664415863694087,1,0,1.51504772423351,0,1,0.901941133379647,1,0,0
0,0.207381157385307,0,1,0.977359258298682,0,1,-0.494421008168343,0,0,1
1,-2.21063311057562,0,0,-2.21991362811543,1,1,-0.548990573770678,1,0,1
0,2.69171400324612,0,1,0.100939379291738,0,0,-0.595035952476157,1,0,1
0,-0.482676821796308,0,1,-0.601320651580762,0,1,-0.929840479563146,1,0,1
1,2.37473471509539,1,0,1.81614205849568,1,0,1.59708282977769,0,0,1
1,0.374643568004988,1,1,-0.219999097580553,1,1,0.0242945242712277,1,0,0
