"w1","w2","L1_1","L2_1","a_1","L1_2","L2_2","a_2","y","bayeswt"
0,9.59242861605993,0,-0.415679436028981,0,1,-0.123205373308362,0,0.977371154580633,2.22377488117121
1,8.02520563560514,1,0.327189935483682,0,0,1.047555180507,0,0.519333793477033,2.03421174286363
0,16.1071402242996,0,-0.380517769378702,0,0,0.451557820766288,1,-0.816181719746277,1.83888467650888
1,15.0042452104253,0,1.37927009914733,0,1,0.235154786119351,0,3.6066315090102,1.46976765343529
1,5.9633338506852,0,0.243769213613001,0,0,-1.73270703066968,0,-0.164825554841887,1.41426584503911
0,11.6194101966029,0,-0.499074214130449,0,1,1.8224459522064,0,3.54548559076532,2.29814858678278
1,8.416208708974,1,-1.71273087699559,0,0,-1.40717885999468,1,1.70556502957771,2.60738799342701
1,3.71699571783214,0,-0.596511148717718,1,0,-0.39369893135459,1,-2.09506812697287,0.890887788564504
1,12.6004805247526,1,2.18202365738034,1,0,0.905059944329767,0,1.05705237026487,0.937336853232466
0,11.6831531629656,1,-0.443930889501408,0,0,0.805450483938331,0,3.16814294084021,2.73441983989302
1,11.6105229299477,1,-0.709894076553381,0,0,1.23568794769774,0,2.19368233654581,2.31862555711059
0,12.8646101672049,0,0.781593604449897,0,1,2.43810981067035,1,0.410249747249207,1.95682696561327
1,15.5298606575863,0,0.606591731418797,1,1,-1.4717366847631,1,-1.95089961354489,0.873897073180839
1,12.8223900179335,0,0.889852956770611,1,1,-0.232431141683347,0,1.52906464294799,0.859710932595515
0,9.53425662850589,0,-0.182632518870278,0,0,0.0105016492053006,0,1.52837548965877,1.8006566305977
1,9.06080299231488,0,1.22326224618282,1,0,1.80071107549166,1,-0.531410017660156,0.780833249923896
0,11.4727888278353,1,-1.05788097191966,0,0,-1.4870416002514,0,2.13188440096983,2.90695913045796
0,13.2400679463158,0,0.0835239114894991,0,1,-0.642624710991365,0,3.89351024825323,2.06590320456282
0,7.84127858919183,1,-0.625727551326038,0,1,-0.317528829098277,0,2.72084093230457,3.408075994635
1,11.2627645246305,0,0.803386283263488,1,1,-0.236629223097735,1,0.425361900293924,0.866369610102709
1,15.8690690406717,0,0.298697451808853,1,0,2.29089244431992,1,-0.075240194503383,0.828574259825078
1,11.5668796350621,1,1.23537687812076,0,1,-0.48444972542846,0,3.07571671940621,2.15368533946277
1,9.20631732962244,0,2.16056404227757,0,0,2.75141942297391,1,0.023600833139327,1.18336981769832
1,10.8962193262978,0,0.259617724987962,0,0,-1.63774728847922,1,-0.5915644317547,1.39259757938761
1,16.4585941814479,1,-0.360030710383903,0,0,-0.69976768575734,1,0.380586822684936,2.15394535597733
1,14.2001758448565,1,-0.671514968070138,1,1,0.744824074536046,1,-1.33128121780343,1.31383723426621
1,16.9467032003264,1,-0.0835669502273805,1,0,0.997668656097322,1,-1.50138043347299,1.10629935552648
1,12.5563914286471,1,0.065962077926093,0,1,-1.21833465588736,0,1.92131098712186,2.46576016125623
0,13.6411003859617,0,2.12821291858019,0,0,0.788525886145262,0,1.12016967244678,1.40510348499898
0,9.76617235060747,1,-1.03144781923169,0,0,-0.875680255984845,0,1.89716377237167,2.92331374224452
1,14.4214826757213,1,-0.939002609767669,1,1,-1.95776442175672,1,0.0589119817171773,1.32406346633294
1,9.97466583124304,0,-0.298220032005349,0,0,0.197296741135738,0,0.954479805453986,1.50109983603132
1,6.31773798121702,0,0.660736843310483,0,1,-0.270024260772544,0,1.82975800468965,1.61337342378066
1,12.5119718627365,0,0.956231578364772,0,0,-0.538771718977755,1,-1.59753945132473,1.29584060613078
0,19.7834048709257,1,-0.710100650532589,1,1,-1.14243536972016,0,3.08472913881484,1.57319397942746
0,15.2036573582922,0,0.279075179932511,0,1,-0.793098879281283,0,2.40457145765648,2.01458457203432
1,16.661013559785,0,0.133717157700274,0,0,1.37696926062023,1,2.27201382036262,1.4340941557455
0,13.4354228923726,0,1.32956069934949,0,0,1.12910934789208,0,2.61117359488191,1.52166694886204
0,9.5657712867351,0,1.1848499493694,0,0,1.2426669583367,0,4.06497026813816,1.55737300045762
0,11.1910365795589,1,-0.200370328638932,1,1,1.09213136704913,1,0.0824166184967071,1.52050462940852
0,10.9070075727523,0,0.155063842389443,1,0,1.92195516053388,1,-0.704573084827824,0.990615826532059
0,10.1252008808717,0,0.75397462221026,1,0,0.602276413206456,1,0.155040366124248,0.941291279269612
0,14.8166691357189,0,-1.50532594523978,0,0,-1.02382305310261,0,2.80685161695541,2.10154438452151
0,7.21054599053835,0,-0.238165505574662,0,0,1.14303763636713,0,1.39414215291256,1.84949612607149
0,15.4654645284511,0,0.729527529286992,1,0,0.509719929724853,1,0.360740463066015,0.937904858300365
0,15.4566099449036,1,-0.368666054931083,0,0,-1.25772582058925,0,2.92498953815252,2.64374334570954
0,7.20551056372501,0,0.0121369042890615,0,1,1.07839237608786,0,2.70914720530177,2.14898117918662
0,14.5579679916021,0,0.124572144482314,0,0,-1.2544827152315,1,-0.151563324811173,1.71164889297002
0,21.720906609378,0,-0.506444148222532,0,0,-0.534488211278566,0,3.01496641810873,1.86872398024131
1,9.77113807223357,1,-0.886768455456056,0,1,-1.20121215255718,0,2.81573418561991,2.81575022813173
0,15.3796169656323,0,-0.046071065341805,0,0,-0.415019232053178,0,3.57964533539132,1.75232093289253
0,8.87119261752239,0,-0.258315896631862,0,0,-2.92321272460571,1,-0.399632038823334,1.79868778447028
1,16.4428456728112,1,1.00852352238957,0,0,0.57605173691035,1,-0.247379940971881,1.8407288640845
0,12.9992988797063,0,1.65987520129199,0,0,3.056181120815,1,1.66497899976507,1.49773381851965
1,18.6076615664927,0,0.184154236298279,0,0,-0.108639803070076,0,2.78893154913794,1.40992622617607
0,6.16411708585234,1,0.46031316335007,0,0,-0.0970888509993458,0,2.73436557016445,2.45096062216718
0,11.7948084554986,0,0.0475327706492564,0,0,-0.500658627534228,1,-1.52207692996388,1.73714436112691
1,9.89229929549761,1,0.710282836836107,0,0,-0.0755334639097943,0,1.02996308325167,1.91194244265198
1,11.2109405236948,1,0.340604867515745,1,1,0.388735976593694,1,-0.0585023109739816,1.19205262848931
0,9.48168502925598,1,0.331412352152768,1,0,0.819009910532955,1,-2.23096449799704,1.28488056267301
1,8.66462567786,1,1.2095613843946,0,1,2.73491339127981,0,5.36213641563488,2.24146790270638
0,14.3148894984658,0,-0.844272254410797,1,0,-2.46721464793372,1,-1.90375103815153,1.04585234538271
0,7.64967714369229,0,1.52436078456242,0,0,1.99621088668301,1,0.611420602333312,1.52201172258742
0,17.9361237262251,0,0.528473649442081,1,0,0.354600926741114,1,-1.85344169703576,0.951523206913943
1,7.255173658745,0,0.263373747299645,0,1,0.611211502459413,0,4.25281111149001,1.6948286061379
0,12.4043166055811,1,-0.436198685074768,0,0,-1.34387278744524,0,2.69747253435136,2.67163367884102
1,14.1319571473059,0,-0.0125580201094702,0,0,0.164272968975036,0,1.73214320973145,1.44215087452202
1,14.3469413563705,1,0.527154217994149,0,1,-0.492990155579877,0,2.79722781912248,2.33220991949138
1,10.7930133445345,0,-1.94578412395308,1,1,-1.38815071411987,0,0.291194027177912,1.0911401045336
0,12.3180079813136,0,-0.478341869024956,0,0,-1.30135160594281,1,-1.74791803700994,1.83946044875521
1,15.8450566072387,1,0.754442178378197,1,0,0.766440023018493,1,-1.54166513742432,1.03076994984877
1,6.1741363316943,1,-0.222740423034832,0,0,-2.29823173664705,0,0.0463479974985808,2.14257916899868
1,8.87304115387167,0,-0.701797133945546,0,0,-0.296099861313752,0,2.76942903944754,1.57423163033492
0,13.2816092572664,0,-0.502878438562326,1,1,0.53766055171193,0,2.30190182431601,1.14586987778408
0,10.220872086652,0,0.337957753280564,0,0,1.20632935092198,0,1.89296477081519,1.70889755502555
0,17.480015975884,1,-1.46003222508867,0,0,-0.231559083018526,1,0.445431919509366,3.11335318229127
0,14.6930154534193,0,1.0181593951164,1,0,-0.390853248810897,0,2.46339636092927,0.917647641637521
1,12.288667009659,0,-2.03604800433936,0,1,-2.09246272081615,1,-0.99382909767731,2.21559884008471
0,5.96897072985328,1,-0.443649815017026,0,0,-0.453661095736907,1,0.105568156533726,2.74545067494536
0,12.104400901305,0,-0.666138469960437,0,0,0.175101187747783,0,1.31109491595368,1.90620868799976
0,10.734336527212,1,-1.1412568442763,0,0,-1.20169535554274,1,0.549748377643638,2.95269455010958
1,11.5906139459176,0,-0.952001200653778,1,0,-1.24937397720976,1,-0.0238731378604669,0.89513189941957
0,7.27376309177726,0,0.322814984523375,0,1,2.07368086555357,0,2.1047362857868,2.09305668526647
1,13.9946321753197,0,0.0301722905373169,1,1,1.05105374031912,0,2.26650365324216,0.922713674029816
0,7.84417423877187,0,-0.222410890065142,1,0,-2.10041377734921,0,-1.84122222115018,1.00575680768501
0,11.0951120742304,0,-2.20981265483955,0,0,-2.48347232709214,0,1.93666207559607,2.2992241053828
1,13.5257033178054,1,-1.17906367831773,1,0,-2.24596483253751,1,-0.972223119165492,1.19990166566471
1,8.86593684394781,0,-0.0326477440232246,0,0,3.01759665770056,0,2.7157463949802,1.51496355783443
1,14.3319656227203,0,-0.724715496785857,1,0,-1.28573037190496,1,0.202384621485775,0.877352552444906
0,6.73395839339323,0,-0.729429346377076,0,0,0.485950020996009,0,0.817023419072143,1.95749383008153
0,0.760901284157834,1,1.05714972583928,0,1,1.16102998772675,0,3.10767173272426,2.88034641618761
1,13.8598719631434,1,0.324187068148775,0,0,0.561615997925007,0,1.33763348397182,1.99788204647518
0,15.362159307844,0,-0.89022302856033,0,1,-0.241364486444167,0,1.2529784739841,2.34927692088562
1,10.8566183056345,0,-0.35012983194587,0,0,-0.394207146558571,0,4.01273267261047,1.50001253349082
0,14.0165050183664,1,-0.144738431367205,0,1,0.828363614876016,0,3.78376148051576,3.18231803297363
0,7.37633389966531,0,-0.60653184223845,0,0,0.0270552702419836,0,2.50651934946079,1.91154925147538
1,11.4914055726974,0,-0.839139554767591,0,1,-2.41932144474813,1,0.496493224960658,1.8840148772277
0,4.23392649583753,0,-0.0094648170420189,0,1,-0.522737864667677,0,1.51013342146311,2.1488494082887
0,16.7247235657541,0,0.908441955177303,0,0,0.552336067524249,0,3.79161738098106,1.58346071957124
1,19.4396434461726,0,0.431248438029022,0,0,0.109540546156987,0,4.20184015801228,1.3752009775264
1,16.296049041128,0,-0.0271865223044815,0,1,1.19105885332664,0,1.50612762260866,1.74133106778102
0,11.890612134345,1,0.506726366112273,0,0,2.11265952183006,0,1.46856675674645,2.45132542504602
0,11.8666786308963,0,0.912585153360461,1,1,-0.0905490096176417,1,-1.14403853209441,1.01778582129479
1,5.9357295073956,0,-0.0711566631744076,0,1,0.519636097602133,0,2.4233318045169,1.77352729826309
0,15.1615413755529,0,0.607420612701403,0,0,-0.4107318995729,0,0.0898641686722623,1.62730755034923
1,11.1570632772329,0,-1.02400227431363,0,0,-1.47951201822893,0,1.46237444353806,1.61545759745366
1,9.3730282985557,1,-0.145920405183314,0,0,0.236275421430369,0,0.333707105855661,2.13154139214795
1,6.35189682936677,0,-0.346779307200374,1,0,-0.682183128021221,1,-2.03643864314062,0.864959296561232
0,10.8009500134149,1,0.30367400369419,0,0,-0.268766699294425,0,0.419351188079258,2.45623280537248
0,8.60375545993317,0,0.443357068442316,1,0,-0.928053918695147,1,-0.144783184579279,0.959420491499804
1,10.4118779186887,0,-0.00949919981045108,0,0,-0.227146957310384,0,1.51972329879624,1.44453560220764
0,7.12960004894561,0,-0.694918222300345,0,0,-0.571124176041724,1,-0.59597069230988,1.9236696615814
0,18.7503579317828,0,-0.742210637466891,1,0,-0.192473245684063,0,3.32863633808389,1.04872149131851
1,11.9359898911681,0,0.407880509513761,0,0,-0.358576414937089,1,-0.942931190941363,1.37403935718763
1,16.2997803090895,0,1.52983465536631,1,0,2.06958842124811,0,0.297335110537761,0.762344312550719
0,1.59320131896939,1,-0.771203581740001,0,0,-1.91911113942188,0,0.156133152805517,2.9055889111451
1,10.1872086800206,0,-0.272926585496988,0,0,-0.727166520776662,0,1.02056564138138,1.48499776688871
1,9.29807083363172,1,0.43366126858826,0,0,0.967019146793158,0,2.27356752713039,1.99715530274673
1,7.10829528253635,0,-0.473537497237466,0,0,-1.10497001859727,0,0.974053651871438,1.53006701720081
0,18.1864366168964,0,0.303436680989417,0,0,-0.294295061806951,1,-0.651408475869104,1.68693821487902
1,6.33887232092204,0,0.0257926062308602,0,0,0.0318486695195166,0,1.25627691508166,1.45919447722382
0,13.2735610416321,0,-0.643515980150362,0,0,-0.475345804142261,1,0.828833525318204,1.88609920844923
0,15.3857451423188,1,0.985298702561499,0,0,2.07363811272224,0,1.60988204012703,2.2968692551926
0,12.7127607536721,1,0.973435444759691,0,0,0.867177032040697,0,3.4456866359633,2.27724813464321
0,8.49897809001794,0,1.10912928755738,0,1,-0.50666901454219,1,0.856094087773716,1.85593302209563
1,15.7646632268967,1,1.43564321845134,1,0,0.72745175190672,0,3.02243729283628,0.980944829974553
0,12.6823523273634,0,-0.379538264648942,0,0,-0.88318520972289,0,1.7637392703417,1.82105865583066
0,7.74600837447183,0,-0.387021812763587,0,0,-1.24188931832285,0,1.94883142474857,1.83900141633889
0,6.44780380959175,0,0.325696038587658,1,0,0.512077778893602,0,-0.125996635149319,0.978715008296927
1,20.3468697379726,1,0.843549673931351,0,0,3.53878346737085,0,3.28583941464948,1.95358814861287
1,9.28598741832625,0,-0.236766282041641,0,1,0.640261063561705,0,1.20277887961521,1.79233559739866
1,4.57771338432784,0,-0.367567674557203,0,0,-0.486630100420203,0,2.23592476079286,1.53305565041183
1,14.1330374510146,1,-0.466941153044506,1,0,-0.0319435944546731,0,-0.241344958198451,1.13627738619816
1,13.2409210242436,0,1.62461110096918,0,1,3.18978855197853,0,3.77673752838145,1.46987686046997
1,6.58466265710961,0,-2.43231972547038,1,1,-2.88574027606949,0,-0.402327455941498,1.14763041191665
1,4.2281743456722,0,-0.115296290327158,1,1,0.381465923655474,1,-2.33883028366183,0.949345597059863
1,11.5347899313656,0,0.16356077636719,1,1,0.63080779214021,1,0.950558223180626,0.912205277723614
1,16.5575851668377,0,-0.884033751325193,0,0,-0.851092725451868,1,0.392498201693253,1.58980376761959
1,14.5444961407286,0,0.540870856227924,0,1,0.732861824272473,0,3.13433234893263,1.61726151191097
0,10.0282503033521,0,-1.86680518077659,0,0,-1.11463167473063,0,1.97440796549973,2.22168343147632
0,8.66324707366249,1,1.04160133184854,0,0,1.10199515958865,0,2.73930255423148,2.28673483894712
0,13.0842670270022,0,-1.53251791460057,0,0,-1.74118424045382,0,3.43510823432551,2.09840298583593
0,12.6294133888646,0,-2.07644074620838,1,0,-2.74413659240079,1,-1.2138595934037,1.16711965178673
0,14.5188469867709,0,-0.618375355924319,1,0,-0.382224810019719,1,0.606350931332756,1.03448211499598
1,10.4168081988444,0,0.276248475900765,0,0,0.315394560182296,0,-0.44262275685033,1.40404627100501
0,15.5974162128124,0,-0.49559300263604,0,1,-0.711357117701328,0,3.44758582410744,2.21902183463873
0,8.67675389065501,0,-0.472519456371069,1,0,-0.409163447805178,0,1.20869089726836,1.02963779614183
0,10.6778211995201,1,0.439983187052981,0,1,-0.226305522941794,0,2.60340858026443,2.9280905333012
0,14.9632580949036,0,-0.909268340539415,0,1,-1.56205536793945,0,2.71101417326523,2.32981118922389
1,15.9598864345085,0,0.0837493185846119,1,0,1.40691431559283,1,-0.770253884153747,0.83649429582556
1,4.24598119418648,1,0.550392804871259,1,1,-0.498503445867522,0,-0.0981786376595621,1.1892266141929
0,12.4287616280646,1,1.75827727298925,0,0,2.19835294979728,0,3.77819429947112,2.1085451158645
0,14.4351160469385,0,0.623803041709582,0,0,-0.200232376459288,1,0.216808354053402,1.62627308940569
0,6.19670274603747,0,1.77673001962713,1,0,1.40808740059208,0,2.08276856424587,0.893706133385062
0,13.9225023995009,0,0.592385057524724,0,0,1.12197236365322,1,0.229705917609348,1.64791244313313
0,8.68730291841281,0,0.0836319023587679,1,0,-1.03903185263574,0,-0.352557262384994,0.983792739498173
1,16.0810120486577,0,-2.08572473576282,0,1,-1.33987594414924,0,3.9866881518102,2.24525118757295
0,14.1539281284106,0,-1.08311927064654,0,0,-0.72266476078688,0,2.17236973467814,1.99104672930716
0,15.0762091799824,0,-0.168200531938399,0,1,-0.334044730783178,1,2.05809270477813,2.13374180601647
0,12.4828773171481,0,0.837099229025264,0,0,1.20739454459927,1,-0.7422368390734,1.60699278013106
1,15.454593736631,0,-0.15796763581186,1,0,-0.138376863182317,0,1.67570203507389,0.84418973057774
0,17.5220581132582,0,0.718869202387419,1,0,-0.145560250249067,0,1.40739370710555,0.937070217346638
1,19.8649920618225,1,-0.855161431220515,0,0,-2.06357543081003,0,4.32783617585368,2.29064552064826
0,11.8864197810037,0,-0.15526551954052,1,1,-0.130269552948419,0,2.87027806107362,1.10735013937079
0,3.00379563867038,0,0.247043988863854,0,1,-0.727639224841825,0,2.11513656330373,2.09394248416961
1,12.126104018376,1,-0.228124677981851,1,0,-0.35208362716281,1,-1.55471704627639,1.11230454863239
1,12.8222448337999,0,0.251054143321149,1,1,-1.47879957382459,0,2.16996535834137,0.897281266616781
0,11.3786186114224,0,-0.556961839939033,0,0,-1.37220814371235,0,2.58511708911074,1.85901461742274
0,14.2731544831083,0,0.517076768090587,0,0,0.931919127115282,1,-0.833046784387661,1.65885479332695
0,16.0427118580571,0,0.0793722260693132,0,0,1.28512213924022,0,4.04926681689133,1.75277578998327
1,9.92807027932871,0,0.0622313561401586,1,0,0.120790608148691,1,-0.31602894530677,0.83549675484811
0,10.8236186913756,0,-1.84055089953239,0,0,-2.72674969519882,0,1.3494416727641,2.18131300102434
1,13.5913688352014,0,-0.527754892926727,0,0,-0.817178602898693,0,4.3076826216783,1.52223496742549
1,9.79910503404345,1,-1.38165303455781,1,0,-0.40002585755006,1,-0.337246194604305,1.24420101448035
1,12.3650695339529,0,-1.47206736228077,0,1,-0.839732409373339,0,1.75463062944715,2.06842454128045
1,4.15316960445879,0,-0.442351404800648,0,0,0.376220630233315,1,0.221701890316839,1.56300526906504
0,7.5204011144095,1,-0.0855943566015081,0,1,0.98631060833244,0,2.75860066246666,3.21458669308622
1,6.6889780975835,0,0.360490006776454,0,0,0.794847764973386,0,1.45292176830732,1.41208368433106
1,8.58550521309103,1,1.18711770243123,0,0,2.37235275219857,0,-1.12912826264259,1.85922108282954
1,9.22678188827734,1,0.546668115805358,1,0,-0.544278021047442,1,-1.80777019714011,1.04887833345295
1,13.5292205701855,0,1.15736254646033,0,0,1.58230000796794,1,0.49367174995807,1.2832987403039
0,15.9284520100906,1,-0.367025767533627,0,0,-0.547223568759186,0,3.20679549280717,2.65592891639771
1,9.09046588364986,0,-0.206935514352288,0,0,0.0757080395757116,0,2.07682014652016,1.48646590886659
0,8.01264407048798,0,1.16529532513113,0,1,2.57081973676153,0,2.94217412807304,1.8949198815939
1,7.83324456404196,0,0.0895396295785234,0,0,0.661665557241773,1,1.22886808612261,1.44891773176374
0,10.3416450945453,0,-1.57682826473792,1,0,-2.30304850758461,1,-1.46933656593414,1.11861819389493
0,11.0438837273897,0,-0.736116681818227,0,0,-0.975831957461575,0,0.853541006473106,1.90666423426075
1,13.9344701353531,0,1.15693676118627,0,0,0.334942835731652,0,1.75690823285939,1.27236611618274
1,10.7147006313264,0,-0.493590251364196,0,1,-0.486257496299922,0,1.98994964949864,1.82509386902273
1,3.68604292455991,1,0.380304562022721,1,1,-0.292431906810403,0,-0.0645671134544813,1.21090838585293
0,11.6342628977994,0,0.13056532465864,1,1,0.838480648599995,0,-0.133494627263977,1.08790065900111
0,16.7487472426062,0,-0.3288701349236,0,0,-0.654110266791209,0,3.1395105343461,1.81074999098013
1,16.7664050740413,0,-0.173122341665968,0,0,0.694856420086393,1,1.40714353960776,1.47687524649306
1,8.84414712755508,1,0.490162019133645,0,1,1.2893336242766,0,1.60612402153237,2.40641113907071
1,5.80889382544972,1,0.277667767146742,0,1,-0.109573510663414,0,2.1951984821225,2.4666849815604
0,21.8322419674611,1,1.45299255957378,0,0,3.09780672234471,0,3.48711356864703,2.21444379788605
0,11.3503122300823,0,-0.0863166621341133,1,0,-0.145889234505388,1,-1.17953338867395,0.995126935983723
1,11.6101949995775,0,-0.797106092030907,0,1,-1.34382256408117,1,0.696373727703888,1.88255531090961
0,13.6822967547926,1,0.302726069127369,1,0,0.313948387867151,0,1.84913425812435,1.27511008638669
1,5.54384217352352,0,0.770772974979416,1,0,-0.374751121757331,1,-2.29420667613711,0.803516387578044
0,9.08712355523485,0,2.37283819127934,1,0,2.9147027064012,0,0.759759064398951,0.863176012053021
1,5.83823037883996,0,-0.395300709315334,0,0,-1.24208639363695,0,1.67871878029981,1.52205056929369
1,9.22762154395762,1,-0.22407735646869,0,1,1.15119179398035,0,1.35393051151461,2.64157265323577
1,12.4753977320182,0,1.01724718771813,0,1,-0.942205420657882,0,1.55481146392407,1.52446109841783
0,6.54116216805235,0,1.34669774818499,1,0,0.0996492475718884,0,2.05715802637791,0.91202916383449
1,14.3599307174693,0,-0.505082549430283,0,1,-0.709829134715595,0,2.65433144803574,1.8166217370324
0,13.1573761152693,0,0.796144216097107,0,0,0.227020457279086,1,-0.082647156115391,1.60128920922753
0,8.38313989751744,0,-0.481326115067164,0,0,0.949450455232568,0,0.850312718579236,1.89530312439629
0,12.9052997695243,0,-0.833125272546996,0,1,-0.764498246777758,0,3.25494073993947,2.32221092055029
0,14.9923246499754,0,0.773284148400011,1,0,1.07801181052456,0,1.16103961552098,0.93759087308451
0,16.244381013047,0,0.268941582331541,1,1,0.938754949793166,1,0.319070672509375,1.07329426011661
0,11.1486068854139,0,0.500816946996359,1,0,0.565180967207563,1,0.42802116493759,0.956332768711224
0,11.6254528243558,1,-0.464248968478393,0,0,0.613015597400941,1,0.0656328140027676,2.73533826231113
1,11.6531434600723,0,1.92150939052749,1,0,2.26775705200034,1,0.460015011118746,0.747870201739695
0,17.7658470242202,1,0.842946479289909,0,0,1.71881875372143,0,1.97425340947631,2.32830239025418
1,16.500287569112,0,-0.199399549960913,1,1,-1.73040413862467,1,-2.24895936935324,0.927895413493743
0,15.3376062710282,1,0.85612499372074,0,1,-0.116820677639863,0,3.23764646132018,2.76561878004487
0,10.8506368006372,0,-1.10600801588731,1,0,-3.42390913386754,0,1.59066023826818,1.07011728039356
1,13.4929657366656,1,0.00717953041742936,0,0,-0.121163675959838,0,1.59871543703385,2.06657770267597
1,13.6131613248828,0,1.54948951192935,1,1,2.90737762137628,1,-0.10234233731325,0.834445487504551
0,7.83330682284271,1,-0.110506243375917,0,0,-1.01057600736351,0,2.50732538153266,2.59704657878525
1,5.08678193871703,0,0.97135819138272,0,0,1.32728923301821,0,1.11952499968599,1.33598227375904
1,14.5673201106065,1,-0.0662487990838476,0,1,0.510380566209191,0,1.63858660627732,2.53777193638418
1,5.88275787527831,0,-2.22919882155344,1,0,-2.14184484351018,1,-2.85585803583586,1.00953548009595
0,12.0067347539368,0,-0.760145198026728,0,0,-0.924300464929606,0,1.8428197482068,1.91016348470042
0,13.0009912853933,1,0.352745601888904,0,1,-0.135388527880711,1,-0.875795088193088,2.95020877850285
0,14.2554695612235,0,1.58910740654624,0,0,1.0948941415539,0,3.45327882819905,1.48069965402442
1,12.7577049500592,0,-0.455825075500241,1,0,-0.520794778839993,0,1.54560564357711,0.86261289413371
1,9.0685847748115,0,0.376664859130666,1,0,1.5569891179666,0,1.86088696494139,0.82499922025147
1,15.9454634395818,0,-0.795364655083748,0,0,-1.43941750583185,0,3.65220201688858,1.56612935951527
1,18.954535067625,0,-0.816910890657549,0,0,-0.759899927094348,0,3.53093934611021,1.58189402836367
0,15.5247152357018,0,-0.622069491059805,0,0,-0.367554182102005,0,3.92695958053689,1.88100635101719
1,4.2253963947041,0,1.42131603128062,0,1,2.24498348533443,1,-0.278717156216914,1.52906962225778
0,17.5983047416118,0,1.11629313732702,0,0,1.06094806771879,0,4.13248825838183,1.55467341038479
0,11.7757762152549,1,0.711422919470249,0,1,1.46689798904812,0,1.5208439924227,2.86767299877932
0,14.0996571172772,0,1.25645912460925,1,1,-0.299277112292736,0,2.36360153175931,0.9909405917897
0,14.4881329434842,1,-0.279543667298664,0,1,0.583737317579284,0,4.62350081686327,3.2318507785891
1,11.6132557071732,0,0.885709493964853,0,0,1.08821305880677,0,4.23638815385529,1.31850674882521
0,11.6989472094051,0,0.3266187499656,0,0,-0.652037052268864,0,2.33044327225441,1.68164473176739
1,16.0766282773236,0,-0.878334642039582,0,0,-3.05792699558811,0,2.56058874323535,1.57541526038203
1,14.846407689945,0,-0.672598145382293,0,0,-0.899470703414145,0,1.02612763231149,1.54754867957365
1,15.9610489841769,0,0.219663421760915,0,0,1.03813464372881,0,1.06997180961298,1.41433378976426
0,21.5317067809213,1,0.420947129305758,1,0,0.755319493033286,1,0.301893721156402,1.27236755828666
1,14.6576634547763,1,-0.164781784113214,0,0,-0.392371539350859,0,2.48019284019922,2.1056252453201
0,12.8295246295412,1,-0.868195997491125,0,0,-0.689835394868123,0,2.01253437142007,2.84468065255374
1,3.15746755769752,1,-2.04931726491218,0,0,-1.87175198743517,1,-2.06099348389244,2.79173076476621
0,22.7668560129845,1,0.652904039570944,0,1,0.12816207350587,0,2.48010264688431,2.87388550041724
1,10.0692927128148,0,-0.184578782008949,0,0,-0.0393307759494322,1,0.7403073091295,1.47747577135715
1,21.4989388603816,0,0.774150271785096,0,1,1.09140820735707,0,4.57415543762597,1.59012297493559
1,13.49857427202,1,-1.40090607052996,0,0,-1.99875178825801,0,1.59096912979789,2.45615110009126
0,18.1537207955872,0,-1.07179872735657,0,0,-0.692065955586164,0,4.35805358058765,1.99210909001114
0,11.561158715295,0,0.00427971248098265,1,0,0.230451613471632,0,1.21752920335635,0.989856388058784
1,14.0458830187925,0,-1.26235470544378,0,0,-0.605572273550103,0,3.0605926410012,1.672320400578
0,12.855831918569,0,-1.85439553153502,0,1,-1.01479069032966,0,1.81122149553676,2.67806762461389
1,11.255517202506,1,0.906150579858626,0,0,1.41901636514306,0,2.81512112370849,1.88593959389181
1,11.51842470151,0,1.02605358676463,0,1,1.43263676097174,0,3.29852239870539,1.54470425637811
0,16.051337343377,0,-0.869450268570733,0,0,-0.804366991599227,0,2.73393962186428,1.93473946944596
0,11.194167412114,1,-0.160115594445453,0,0,0.40058638490139,0,3.29048536311492,2.62033516141821
0,3.8492700222368,1,-1.09548020494889,0,0,-2.32623254683775,0,0.786278526619747,2.98802413611075
1,11.2164430046807,0,0.438591346799791,0,0,1.19502596988807,0,0.154571184775645,1.38721705481258
1,14.1591624221451,0,0.121913323219459,0,1,-0.281404427189525,0,2.22290011158792,1.68677735031882
1,14.4658228654058,0,-0.714802222305309,0,0,1.75738482903143,1,1.35732789364675,1.60368382056519
1,14.4662712699097,0,-0.619554831197088,0,1,-1.08123017742288,0,0.55627648086409,1.83853416123475
1,5.23159391652367,0,-0.99976525426296,0,0,-3.8450791441466,0,-1.16097024150256,1.62856092261266
1,13.4749682320448,0,0.581123944512991,0,0,2.07795892770484,0,2.58588303189064,1.37392500008285
1,15.8714368397883,1,0.739723216211983,0,0,0.289785202931021,0,2.56571956497152,1.89479514957088
0,17.1063147258706,1,0.547538041674593,0,1,1.3115521067929,0,4.59199302129707,2.91233250699247
0,11.1001549158235,0,-0.731888148257742,0,0,-0.395144529296216,0,1.96952213067732,1.91461966113284
0,10.7124296552688,0,-1.67904533168258,0,0,-0.475608972991754,0,2.48408886209464,2.1761539151136
1,17.9513513275122,0,0.720389176429594,0,0,-0.0133633342186118,0,2.865745820105,1.32951163148037
1,5.32828781688272,0,-0.113776069225491,0,0,-1.25955478230459,0,1.82541661281093,1.47660227155857
0,10.2526800923475,0,0.0631344509519783,0,1,1.23063025205433,0,3.58754689867833,2.1183401821783
0,13.8298483174298,1,1.17042646804769,0,1,0.350157483716042,1,-0.4806866854717,2.67262986203435
0,5.52890493847509,0,-0.838226785016849,1,0,-2.51663185350524,1,-2.62393135010208,1.0615023841418
1,13.118511449727,1,1.28520044018228,0,1,2.18435504968941,0,3.86739278490663,2.17931622892846
1,19.5114560842088,1,-0.208076934370842,0,1,-0.0882206491191231,0,0.966509671545457,2.57916318467356
1,11.9837573862546,0,-0.583350247893466,0,0,1.80469155035799,0,-0.209550646481611,1.58154069720234
0,10.8861839001457,0,-0.0968843048161109,0,0,0.355587156820025,1,0.295950334270359,1.78200481936846
0,13.8996468561362,0,0.529016197404208,0,0,0.314919925604273,0,2.48648566622025,1.64891513138489
1,10.8837113168508,0,-0.088378532087216,0,0,-0.616725968813558,1,-0.582398188262567,1.45259717790119
1,15.2536014963163,0,-0.737971205584696,0,0,1.08917348268213,0,3.39147921287675,1.59225909686617
0,15.6177418577988,0,-0.125446860212791,1,0,-1.38419732586629,0,2.4771980359475,0.991009072281365
0,12.0107666449205,0,-2.42182343468878,0,1,-1.68475372292866,0,3.25766473527869,2.90023458571832
0,7.29323136900109,0,-0.435579368182434,0,1,0.199032960753913,0,1.99252127651595,2.25388100426214
0,6.72711709016365,1,0.523237388440663,1,0,-0.182297372297277,0,0.609135432833532,1.26694916475796
0,9.62801053737873,0,-0.0729796691582995,0,0,1.55901831603982,0,2.57956809142048,1.80723613938504
0,15.1895220021993,1,0.840222942283219,0,1,0.244462697836772,0,0.841635964755355,2.77722475108993
0,4.1671793013723,0,0.527654226988183,0,0,0.549854162145871,0,0.522507876908464,1.69912643476055
0,4.45469936506982,1,0.690193740006286,0,1,1.12236913757344,1,0.866806887201475,2.94465810504727
1,9.38488070095959,0,0.759893752035078,0,0,3.16686853251003,1,0.618981339775377,1.377276689129
0,13.5775793919223,0,-1.60280496745504,1,0,-1.05187693522106,1,-2.14529173180151,1.1248269577702
0,8.34573580734003,0,0.0876170380918434,0,1,1.90262242529733,0,3.90407656395533,2.14386549282965
0,15.5469961483842,0,1.78553729609067,0,1,1.21244463437234,0,3.68696916777183,1.72158269935556
1,13.3334798806207,0,-0.337150428238212,0,0,-1.95925593621553,1,-0.860856653357887,1.48162014194055
1,11.3174415270456,0,0.575976857691019,0,0,1.56850805814407,0,2.25673779289484,1.37093992255346
1,15.2753125461271,0,0.306146856441207,0,0,-1.17956901778364,0,2.15844918666156,1.38165564016794
1,13.5534606512775,1,0.702546831700797,0,0,-0.514128925680996,0,1.75465100872552,1.89666079942031
0,10.2162598911514,0,-0.169867518259,0,0,0.543065282890841,0,1.94740581339253,1.80405450777065
0,12.9244597376726,0,-0.519054699139276,0,0,-0.445586728431191,0,2.0550384545479,1.85790723629833
1,14.5900534319104,1,0.227861378684749,1,0,1.01078119466351,0,2.12125504144236,1.07717903335443
1,13.4251333794482,0,0.352066164497895,0,1,1.90949223956013,0,3.92406622216753,1.67750900004386
0,9.36795916820208,0,-0.0916526980018438,0,0,0.914771776340778,1,0.671859734564379,1.79802458200394
1,15.4208088202568,0,0.195648753229014,0,1,0.72218682253848,0,4.6324032254689,1.68484472142568
1,16.6117449022345,0,0.587469382713122,0,1,1.2956054453641,1,1.74077959359509,1.61674920324686
1,13.1050982261733,1,-0.63513290820073,0,1,-0.369255274100878,1,0.759282529954784,2.72194612003411
0,12.5764186498487,0,1.26544184369655,0,0,3.09959831592031,0,3.71800689753039,1.56507308034481
0,11.6974996768806,1,2.31773526751539,0,0,2.48709964673629,0,2.53145833301443,1.99363795971834
0,20.6456633852112,0,1.68366196258695,0,0,2.69726242837471,0,4.33632491191049,1.49138807691021
0,13.1052621285432,0,-0.323365229422137,0,0,-1.13242888832922,0,4.08921251324102,1.80546685410874
0,11.3668238852002,0,-1.70921903018044,0,0,-1.55630855448118,0,1.61733206475007,2.15767527919654
0,1.96832879121098,0,0.073881245021705,0,0,-1.90406279525027,0,1.85048738483689,1.78557512569157
0,5.73887293987787,1,0.937661950002848,0,1,1.13378028108467,0,2.22548053255159,2.83461873082048
1,11.6893071975577,0,0.904999769911244,1,0,-0.67638392425289,0,0.0857605561445588,0.786020014852338
0,12.8251761793724,1,-1.10149501291802,0,0,-1.1061176355526,1,1.19498438586692,2.92796620397713
0,13.1074898354465,0,-0.982073612388948,0,0,-1.09111558831813,1,0.551689650148862,1.96025629863287
1,15.2860271217945,0,0.296604906095582,0,0,1.41148445490528,0,2.29408923465897,1.40725883025768
1,11.2233903627182,1,0.748315249004036,0,0,0.208317701746473,0,3.72559443094878,1.90106025284306
0,16.8583551779302,0,1.04151521563476,0,1,0.545920324266569,1,-0.66156227562,1.85880876434379
0,8.31393582852169,0,0.899531337224174,1,0,-1.19034301531559,1,-1.45953038618717,0.930978019679138
1,7.16622911822773,0,-0.886313200784212,0,0,-0.204269208851644,1,-0.732656037580765,1.62147029919545
1,7.08405528978474,1,-1.23176450330214,0,0,-0.082252332153643,1,-0.638879572565175,2.48273280011158
0,14.9691880967461,0,-1.86282789699182,1,0,-2.139213254972,0,1.19029827786944,1.14555508699702
0,11.6683202306431,0,0.621615900034248,0,0,2.21853704185402,0,4.4722757765295,1.66774336962102
1,15.159271687282,0,0.989704282642246,1,0,0.521540944073475,1,-2.64526168858142,0.782748154012523
0,10.9291743137717,1,0.445142431962761,0,0,-0.447887866883502,0,3.04054060334005,2.41068667822307
0,9.63243159114875,0,-0.962800130099826,0,0,-0.637330414914592,1,-0.924563624310553,1.97468578238302
1,10.526589699494,0,1.68298264694429,0,0,2.46453308343372,1,1.28773726757346,1.23210331124963
0,4.58953270303308,1,-0.32425129733306,0,0,-1.77187634294497,1,-1.3428308174239,2.69560347948579
0,7.32153895834354,0,1.85225375107913,0,1,0.289835738979868,0,3.05182920132868,1.72959861958234
1,6.2318614145662,0,0.623720619226237,0,0,0.722459114272451,0,1.34575336157872,1.37295691252574
1,16.2172890879014,0,1.36248353596454,0,1,1.99509171397283,0,2.61029550386346,1.489904036735
0,9.6106796345488,0,0.426709022639894,1,1,-2.02167055537089,1,-2.2614939567492,1.05441395891708
1,15.1578394111607,1,0.0969261660117295,0,0,-1.46768293941914,0,1.02464298131233,2.02692653287825
1,18.0659624067678,0,-0.821888444305536,0,1,-0.343458880622834,0,2.57501984163584,1.90195615593919
0,11.2329007635602,1,-0.446185182555757,0,1,0.554878282296562,0,2.59391646294276,3.32369465821357
0,13.1355156254094,0,0.0842473199776688,0,1,-0.165333113198712,0,3.19481658923178,2.07241717604207
1,4.99572992241569,0,0.3420313672092,0,0,1.58241103701954,1,-0.4601950511492,1.43736864687401
1,8.72532088992079,0,0.0640339965681115,1,1,-0.672499212160907,1,0.180453224248723,0.917802620292206
1,12.2248593975314,1,-0.0457233951181032,0,0,-0.100170613750858,0,0.762585152401726,2.08420027854089
1,13.1963476133446,0,0.325448993075507,0,0,1.79715521035476,0,3.03394113949882,1.4107248466605
0,8.96240753080447,0,-0.434747967289471,0,0,-0.426681254557576,1,0.727571324223711,1.85314595484738
0,22.7394359969072,1,-0.308543096370438,1,1,-0.255275634316259,0,3.13315362160929,1.52854865118527
1,10.1664394436304,1,-1.34404030721972,0,0,-2.15224661984803,0,1.25715748568828,2.44698592817546
0,12.2569742265202,0,0.968841212533208,0,1,1.15842155918855,1,0.352011846739459,1.88727116724645
0,14.5991674686141,0,0.192924042687665,0,1,-0.305349867325399,1,-0.610764152085902,2.0409991546823
0,11.895925460904,1,0.0353350211816926,0,1,-1.64514524115156,0,0.71690479479421,3.05333896525594
1,9.42573045189154,0,-0.636661310256001,1,1,-1.72289587777629,1,-0.493385905174732,0.966295258622996
0,16.1812226558532,1,-0.0859616373438745,0,1,-0.162798501374533,1,0.667436494180246,3.1203422538791
0,18.4621812928288,1,-0.902161042773009,0,1,-0.553907483867579,0,1.62114190468612,3.49409185343943
1,11.8812241158007,0,-0.920485111194742,0,0,0.256363026307688,0,2.55477440259759,1.61769318194479
0,14.2490693816123,1,-1.77646107789047,0,0,-1.59543615725231,0,2.89542650323052,3.21171978433213
1,11.6103500059895,0,1.10780227270833,1,0,0.886499048439049,1,-3.00266836501707,0.77986043207035
1,16.0658208708086,1,0.296622290853384,0,0,1.55341388925454,0,4.55548365125962,2.02506278310173
0,7.37533042296059,0,-1.04302307132482,1,1,1.24578662596336,0,2.62177586511048,1.22986501287578
1,21.2834408959779,0,1.38662101270568,1,0,1.30401767203426,0,0.922887992050604,0.770219904912039
1,9.58587500884665,0,0.730450433457584,0,1,1.99429477408364,0,1.75322543765216,1.61564258112244
1,6.16460234224763,0,0.81402829800714,1,0,1.15185718630948,1,-1.13481884516656,0.804647191485353
0,10.5963286912277,0,-0.119807280030541,0,0,-0.0898899714919059,0,2.40606683150544,1.78099550102365
0,12.58683393658,1,-0.297003667219857,1,0,-2.29202037780503,1,-2.38025389521164,1.33006155808849
1,18.4944848307209,0,0.0968919463007163,0,1,-0.695715950895101,1,0.273200312182709,1.69117976919471
0,15.6448387070853,0,0.561139043308434,1,0,-0.0391565019217369,1,2.65039210923575,0.94688392308253
0,12.5698337281831,0,0.925612943922948,1,0,-0.258895902538679,1,0.152702364142874,0.924587228970587
1,6.44206590404736,1,1.6638898089974,1,0,0.357060528431455,0,1.90615668291676,0.979801156016058
0,8.53584902131155,1,-0.423711913924156,1,0,-0.951278908661099,0,-0.130095713121088,1.36178148474242
0,11.3468602710828,0,-0.902096145440653,1,0,-0.0367381082494231,0,0.819705682163197,1.06483712277049
1,22.2121044538424,0,0.332979710148853,0,0,-0.375079771814243,0,1.59481664887834,1.39553645387671
0,4.55908970312634,1,3.06769508232165,0,0,3.23146109731389,0,2.46463847131475,1.91346529122131
0,16.5242186073841,0,-0.263373659009863,0,1,-0.301124268295784,0,2.94194803031469,2.16098861428997
0,9.89106297106432,0,1.2445918474954,0,1,2.13660227636104,0,5.12824619831708,1.85614757956893
0,18.6639635999497,0,-0.0564585735855959,0,0,0.168617903889896,0,2.58195660977915,1.7660549665338
0,7.44319744010638,1,-0.404111263362814,0,0,-0.497842280779769,0,1.65545566302459,2.71280570107359
0,12.574492938651,0,-0.584672192821046,0,0,-1.04311667242013,0,1.10764017020519,1.86574631444171
1,7.601796233189,0,-0.125226665385713,0,0,0.832689963464006,1,-0.0429404733777159,1.49004428813191
0,15.6140657054467,1,1.7979251279299,0,1,3.09339886103284,0,2.79623539162831,2.54514458885486
1,17.9351179549523,0,0.491197900112963,0,0,0.679991563130586,0,1.69106078651273,1.36865368202584
1,19.8028840256046,1,0.695357963471331,0,0,4.15516955466884,0,3.50712756488344,2.01335873426317
1,15.1904026303581,0,1.00063981873584,1,0,0.93955063286596,1,-1.38635222102879,0.783439758434165
0,19.3730650183113,1,2.26547216306912,0,0,5.38302676338403,0,3.15142267473355,2.07939006482834
0,16.9856956346466,0,0.945475798425996,0,0,0.981453232707171,1,1.40462429478144,1.58193918509544
1,11.4725003527039,0,-1.30238634942489,0,0,-2.76836840806464,0,2.48245632076313,1.66205282250832
1,13.9081489531388,1,-0.884429845934758,0,0,-2.18011493657414,1,0.623775409539367,2.28754931319917
1,8.11202315409627,0,-1.49833488205086,1,0,-2.4986845935977,1,-1.88370785560356,0.937774644429565
0,11.259191322396,0,-2.73595485666983,0,0,-1.14495496100328,0,1.98796867969283,2.52305626595026
1,16.8838548333953,0,1.46957247612656,0,1,3.33173432658669,1,0.797186675452733,1.49581661044208
1,14.1651365739294,0,-0.342072508543114,0,1,0.187187450157523,1,0.949098151486709,1.79320520771584
1,13.8294293265013,0,0.543264970971029,0,0,0.980054556804146,0,3.37765842784782,1.36351305191506
0,7.84747584125118,1,1.26009261155643,1,0,0.601612077330894,0,-0.0668212580310305,1.19707957301531
0,9.58194707866353,0,-0.416013223793835,1,1,-1.1968693493751,1,0.128067137465465,1.13075628420314
0,8.94157594498573,0,-0.0455518892123636,0,0,-0.674039231922144,0,1.10965296575853,1.76531090953264
0,13.581183480054,0,0.486068014324995,0,1,-0.248670145775431,1,1.13858692957872,1.97273558119179
1,8.03796947813376,0,0.316258916598962,0,1,-0.153283838468025,1,-1.41530175938898,1.66901455534464
0,14.2481655603962,0,-0.631833593984141,0,0,-1.11204170633882,0,2.37355426894075,1.87341077604031
1,7.53433435226583,0,0.816158953529249,1,1,1.21003974661448,1,0.516142852458298,0.877971316809008
1,19.3141218325415,0,0.74877674656788,0,1,1.70273663658734,0,3.39371302324965,1.59707875654181
0,13.8423653979124,0,-0.150025641942367,0,0,1.59157876647181,1,-0.880211174609798,1.81201951062848
0,9.19598555098692,1,-1.13042105534913,0,0,-3.48708255346848,0,2.85354848427326,2.9270598589374
0,12.9641837300049,0,0.762975432868635,0,0,1.38773695206794,1,-0.247955055916871,1.62204071099072
0,10.5901872030882,0,1.53342152794588,1,0,1.1208549216875,0,0.302686355494464,0.896259067080426
0,13.4845918390386,0,1.51536341177974,0,1,1.38381872761983,0,2.40971851227157,1.7758334991296
1,12.9741308750412,0,1.01237587554575,0,0,-0.509586925642084,0,0.999931299112654,1.28803456734016
1,7.9435433093541,0,-0.393699635558731,0,0,-0.357142257271076,1,-0.27984031662969,1.51944528653604
0,8.83474448472212,0,-0.442999474643328,0,0,-1.1306591352868,0,1.99051190259455,1.84644297505485
1,13.1983747389583,0,-0.445701009196318,0,0,0.0320421664411928,0,1.76514152330551,1.51779662652927
1,18.5562076350062,0,-0.21613579263744,1,0,-1.35338290048024,1,0.217269239707732,0.845947405096962
0,16.3384680346837,0,0.872570301600222,0,1,4.48194696014685,1,2.37602977861313,2.00003783985454
0,9.50173010552762,0,0.351414054590933,0,0,-0.335667511361781,0,0.603898562754382,1.68750493096174
1,15.30369160659,1,-1.6933236702389,1,0,-2.03249006550505,0,1.58348887820674,1.26273432788003
0,11.8057265889748,0,-1.74253036392471,0,0,-2.85323928934651,1,-1.68907162437059,2.14799747862165
0,13.2052546068736,1,0.109218452334384,0,0,-0.0839019981606809,0,2.21996572922155,2.50972173109403
1,13.0414459629462,0,0.290353206910501,0,0,2.54502227194825,0,2.33967457399982,1.43138724323691
0,22.3017990548936,0,-2.08445635148636,0,0,-2.24833044386876,0,1.98165053854648,2.28546175161212
1,7.2588447576511,0,-0.733858778235596,0,0,-0.0610664728400357,1,0.639869222736273,1.59230244569769
0,12.4036794360514,0,0.151597946057198,0,0,-0.664145034718202,0,2.13334214449896,1.71337799748191
0,4.88009084812954,1,1.51058682365777,0,0,3.09775132015506,0,2.62612644594092,2.25464832887759
0,14.359343691835,1,-1.86927529140393,1,0,-1.45733025631948,0,1.09927304098614,1.55620993918437
0,16.3864338868856,0,-1.09157993911312,1,0,-1.84434862794312,1,-1.60453176925116,1.06991183658021
1,17.7826489644046,1,-0.892480357574177,0,0,-0.494214923068115,0,3.06061672870605,2.31879207070648
0,4.29941899265152,0,0.218390268575366,0,0,-0.125479232811888,0,0.607992629375694,1.74959751758695
0,13.6510779887761,1,0.467350001302014,0,0,1.11256924769761,1,1.4371725975516,2.42512562360499
0,18.3734798055346,0,-0.136954433245047,0,0,-0.762616232534362,0,5.10189534520968,1.77138519696366
1,10.3439365478308,0,-1.49888932247168,0,0,-0.942234097309998,0,1.98911714506499,1.72810787808815
1,11.1513978716722,0,-0.509038438147597,1,0,0.97565390157315,1,-0.204981942233111,0.875620798884824
1,11.853851111181,1,-0.431947475544075,0,1,0.939352663536144,0,3.0104692962531,2.69371032816166
0,13.4600750057321,0,-0.0679805343596975,0,1,0.371612728482642,0,4.07128008016683,2.12159259109518
1,14.6606395029839,0,1.77949157616151,1,0,2.04977460600557,1,-1.56316357756043,0.751353438915736
1,17.2712835348459,0,-0.494057695089537,0,1,0.0901581491975942,0,1.98857316078283,1.82777139098902
0,11.61804963822,1,0.192444901520891,1,1,1.00700515354574,1,-0.152874171652351,1.45986869076831
0,12.7851121818899,0,-0.577547219808012,1,0,-0.263768951127492,0,1.16602288277263,1.03264806211144
0,21.9519915088858,0,-1.02070793395506,1,0,-0.395097901557901,1,-1.02468813580056,1.07959625652301
1,13.72439571246,1,0.7831918549932,0,1,1.54824733964058,1,-0.871708225577961,2.29989786566995
1,12.7550124373193,0,-0.913078555279554,0,0,-0.567734587195106,0,1.49032183462259,1.60062794311577
1,6.6310274988662,0,2.81151946461086,0,0,3.58827916368021,1,1.82593396056295,1.13361043317129
0,12.0114241904889,0,0.212677179732104,1,0,0.190630778361622,1,1.49343220511229,0.973692387907318
1,11.1146953873325,0,0.181400529952001,1,1,1.09383387008556,0,2.36544165905398,0.914279012610808
0,11.9558166807625,0,0.0530129557967646,1,0,-0.455680250128354,1,-2.50588161559155,0.982573539768356
1,9.69832943491533,0,1.95062883438921,1,0,2.03138307097559,1,-0.064275508253024,0.748152677621742
0,9.2527373902292,1,0.756454484305898,1,0,0.681445970064373,1,-1.46862068264918,1.23999423509094
0,9.11690547271951,1,-0.159821589020773,0,1,-1.14280708843731,0,2.21113163363377,3.15969911479078
0,11.1419819384009,0,-1.05476998722683,1,0,0.0554758218952121,0,1.8028032107933,1.08039529758631
0,17.4725305921145,0,-0.864002454796299,0,0,-1.85171036227584,0,4.03684376957218,1.92342192166163
0,16.1963465062373,0,-0.623025840274937,0,0,0.84406684594982,0,2.92283262284097,1.9059300094325
1,10.5600995282278,1,1.33054942626059,0,1,0.357683945825348,0,1.62412547375189,2.14294394279326
1,5.25633418184504,0,-0.126418233952452,1,0,-1.26593835771714,1,-1.15261179480993,0.852127240839223
0,8.62166628585619,0,-0.670981959821264,0,0,0.27612319411201,1,0.737155088759828,1.92481828400178
1,10.168957867038,0,0.903749056550654,0,0,0.913693708053104,0,2.90347820072975,1.31800045307295
1,12.4145520169132,0,1.4793255391913,1,0,-0.451719779943162,1,0.104902330600682,0.759830664001178
1,9.34957089719674,0,-0.591035775099348,0,0,0.995880316006373,0,2.22288675474053,1.57335588367422
0,20.0267227633276,0,-0.244665316409098,1,0,-2.73292551957967,0,0.512823329774452,1.00248327910951
0,10.9109298623266,0,0.454393485347052,0,1,-0.129023237350008,0,2.59850659988515,1.98917571428767
1,7.14422211904196,0,0.0765977846544527,0,1,-1.38229933743145,1,-2.12417461420055,1.71061241117352
1,11.4349529708699,0,0.530716001193477,0,0,0.0670980287882167,0,3.10771954223069,1.36018900804559
0,7.97848967362634,0,1.79398342250769,0,1,1.96244944837505,0,3.09600608373655,1.75393563472085
0,12.6246228291013,0,0.0658596741700487,1,0,-0.341434873029169,1,-0.0931288526812321,0.981408728889763
0,12.9345344563595,0,-0.151356922970648,1,1,-0.800865728317367,1,-0.29563144350482,1.10202120417305
0,13.4223504465135,0,0.619637965359592,0,0,0.590065614095494,1,-1.93097582150184,1.63617749990596
1,5.51256696350314,0,0.0157811398950694,0,0,0.330072220288109,0,0.807584527357856,1.46961382909999
1,12.8828451638826,0,0.766593513171612,0,0,0.0296623827234359,0,3.03854056441993,1.32355381544687
1,13.2418003221666,0,-0.0815531481985907,1,1,-2.23399137162768,0,0.803687397734001,0.918808713253847
0,6.31556620998205,0,0.506678376500928,1,0,-0.556011825687207,0,1.35739008138508,0.962109034487593
0,15.8214625589216,0,-1.40552608197868,0,1,-3.15166924766364,0,1.41418841723947,2.47553916783595
1,15.1366835163773,1,0.175270493467165,0,0,0.951976062497028,0,2.7621843827683,2.04208578812051
0,21.1984774446178,0,-0.304231212837506,0,0,1.777911949538,1,0.9274034227464,1.86411857529268
0,12.6268119495029,0,-1.0642744560225,1,0,-2.28346827500875,0,0.156832177403391,1.06649377193436
0,12.186934110072,0,-0.291199866736308,1,0,-1.2547659698061,1,-1.20809532733566,1.00541610592518
1,12.3863433363297,0,0.505858378786205,0,0,-0.255812088537665,0,3.70223313430172,1.35947263530549
0,12.2790649236012,1,0.215133613256476,1,1,0.92631471883407,1,-0.00461540437002148,1.45414433485674
0,4.60610889864933,1,0.73954485150762,0,0,0.816950624468301,0,1.84643947529144,2.40663635134903
1,5.31549176543103,0,1.00405416080786,0,1,1.53615689440611,0,3.63062164591466,1.58134863874021
0,11.6898441328352,0,0.945362471056211,0,0,1.83373079107576,1,0.248035665575782,1.59960426817485
1,9.67573047773401,0,-0.217731871698008,0,0,0.116860041748469,1,0.308670310713354,1.48667265569206
0,12.2189461002297,0,-1.20596673705476,0,1,-0.635945637914169,0,1.77161463018575,2.44981206040603
1,3.55516650695787,0,-0.234783304842783,0,1,-1.37179690499467,0,2.12951284506668,1.80269590580049
0,6.00520698189297,1,1.22970750632975,0,1,1.22797129404484,0,0.899133748626527,2.73348281659317
1,7.59406624424503,1,-0.0355357024656217,0,0,-0.58569850459009,1,-0.613559142197045,2.0988884390368
1,15.944232884241,0,-1.46784932220271,0,0,-2.62323629698793,0,2.99749400852483,1.69472694523861
0,7.60603997163953,0,0.567443622586172,0,1,-0.525480320723853,1,1.39394745554502,1.97688830491867
1,8.80194418569388,0,0.37983875255031,1,0,1.19546774212448,0,0.832816694883254,0.823382076250154
0,12.3194952746962,0,-0.277408402445223,1,0,-1.65476043673416,0,-1.48874619649584,1.00308889392927
0,10.7090145526996,0,0.280451648382998,0,0,-0.0167862328517071,0,3.7127930822975,1.69978063224129
1,12.5856687146718,1,1.50524435669205,1,0,2.40366609306405,1,-1.0732416143991,0.987091340379361
0,21.2202479281828,0,1.51139857303867,0,1,2.05286054547189,0,4.65077405232555,1.79573037415468
1,7.50158531496705,0,-0.371281040395788,0,0,0.346082046208272,0,-0.077267901167879,1.52753998000635
0,10.7781214403608,0,0.118446076261664,0,0,0.557606648780082,0,1.74317949793652,1.74019150446391
1,9.93296220102507,0,-1.34475952292399,0,0,-1.40430523808678,0,3.14349590488807,1.68782328391849
1,18.0495817073298,0,-0.537257508895445,0,0,-2.5664792697817,0,2.43459851564709,1.51728095524721
0,8.92206030843889,0,2.09746100054957,1,1,1.37784308873743,1,-0.0786710358599036,0.949914919675189
0,11.6716523848971,1,1.61472620935992,0,0,0.353134763141433,1,1.13577644089055,2.11602293886191
1,15.1485344572908,1,-0.0677693807102253,0,1,-0.304368322005557,0,1.28924614828308,2.5178209926164
0,7.7656378562064,1,-0.61480876674071,0,1,1.5169546849383,0,2.51173159592523,3.49798070782265
1,18.620703262968,1,-1.17041626453872,1,0,-1.05598382864515,0,1.92574818946116,1.20791507344762
1,14.703049661897,0,2.28308235038267,1,0,1.50096656924828,1,0.713337857764838,0.729851881575371
0,7.70317356187858,0,0.19166146045726,0,0,1.15738563673153,1,-0.807604294702948,1.75110336805071
0,13.818311236231,0,-0.455765797004808,1,0,-0.0262097561678027,0,1.61082910389889,1.02301827370092
1,11.1467714270677,1,1.19953505222193,0,0,1.22065269738683,1,0.825061693241986,1.81998262776028
0,13.2529150879773,0,-0.967056681979141,1,0,-1.26215878162408,1,2.79858047835243,1.06123996393001
1,11.6400992119373,1,0.852965189725826,0,0,0.813880598614718,1,1.71665387899211,1.88528810095313
0,16.2820641471134,1,1.60369094370973,0,1,1.69509155960557,0,0.996638092311708,2.56276541702035
0,6.59559845718666,0,-0.144214175049798,0,0,0.541272054170975,0,1.78504166941724,1.81918225382859
1,9.90953321121634,0,1.56037627599553,1,1,1.57712828435457,0,1.69746105175546,0.831060904660382
1,11.0032372889784,0,0.761583804299033,0,1,0.234239531490834,0,3.16533385309866,1.57786494583467
0,8.01680510059467,0,-0.598639567874012,0,0,0.315899977069832,0,1.16563239932934,1.91147740680845
0,7.84017982493522,0,0.652714534596814,1,0,-0.167287615465463,1,-0.242988010933174,0.949649865338193
0,11.9280790376933,1,-0.585233735911995,0,1,0.843287536653653,0,2.06872005753174,3.40077402009961
0,11.4712994685731,0,-0.419271062544205,0,0,-1.28473569474684,0,1.78669976106924,1.8287789752893
0,1.80262890099827,0,0.79241089562764,1,0,1.35842228738317,1,-0.934186588104825,0.968537646884086
0,16.1622938228775,0,-0.313998457110028,0,1,1.10542110179955,1,0.629268619288197,2.20782521732789
1,12.9989029439408,0,0.115561650552558,1,0,1.25773403236976,1,-0.553696778611979,0.834414675185582
1,21.6648294925933,0,1.2456563912103,0,0,1.34014384343571,1,2.81250191669397,1.27684702755712
1,14.7407929522044,0,-1.04817246607651,0,0,-0.218564393620245,0,1.76671267279078,1.63207093183803
0,10.212162764152,1,1.69741549511355,0,0,-0.338104377100053,1,-1.2049316049018,2.10013634889641
0,23.1895645878324,1,2.27385110587133,1,1,2.74998273578988,0,3.99263864691915,1.24650758846954
0,23.328904095662,0,0.847770290999929,1,1,0.771772457598651,1,0.112704239902649,1.03512071209926
1,7.12515273483928,0,0.503182701485217,1,0,0.964258884616052,1,-1.55303297511313,0.818563158247665
0,13.8761278238217,0,-0.357660389455011,0,0,-0.110140037528413,1,0.873384040700524,1.82463684547945
1,11.1550123254714,0,0.612511536080749,1,0,1.80885855795224,0,1.73860394803923,0.809859060653285
0,12.748204586216,0,-0.374500123741353,0,0,-0.417668833537247,0,3.3707362774782,1.8257049076693
0,12.9101709142753,0,0.417271527394369,0,1,1.2801127552332,0,2.26764330905999,2.01663270232758
1,6.95239814852379,0,-0.60710202675589,0,1,-0.653534126889869,0,1.44592141950816,1.86920025998078
0,13.1423583209702,1,0.919827369240201,0,0,1.70701352440111,1,-0.00238075688725514,2.30984148134926
1,18.9969894525672,0,0.891338735489357,0,0,-0.159957463354265,0,2.50509147231024,1.30702239695186
0,11.3436399834608,0,1.35643540788594,0,0,2.07644132175971,0,4.53900138243115,1.53439797661547
0,11.3482931572062,0,2.09569264400123,1,1,1.6195851193414,1,-0.19230560150806,0.946495992426485
0,17.5942880253499,0,-0.470498954365647,0,1,0.100258946018893,0,3.15167060782051,2.23010140979247
0,15.5935849627318,0,1.12212514185467,0,0,0.402742442704437,1,1.15143287811519,1.54635041345002
1,5.40602072647486,0,-1.36320723983046,0,0,-0.777506120439872,0,-0.0316525347140371,1.72679940440013
1,12.9142278930487,0,-0.318341479717536,0,0,2.79232612654428,0,3.60348904169389,1.55157421046157
1,18.6141889387109,0,1.14160857399557,0,0,2.85827096986855,1,1.17470904265462,1.30310087333379
0,17.6611053996766,1,-0.561778096372292,1,1,0.395211752529249,1,-0.449793281604945,1.56247067156848
1,13.6798064152569,1,0.492438764030473,0,0,0.000221859801379454,0,2.54234083535129,1.9489688297696
0,14.8848832284516,1,-0.751595861610756,0,1,-0.27788656305927,0,2.64974369307514,3.42161959463781
1,7.21225915124527,0,-0.288228112602607,0,0,-0.384443852036243,1,-0.707277625110643,1.50380988728556
1,13.2005262675255,1,0.101208336225193,0,0,-1.76191529590646,0,1.65279492885461,2.02664152241414
0,8.18220425924871,0,-0.530496723813557,1,0,-0.888842578318444,1,0.197657124480827,1.03322433000968
1,10.1679277276122,0,-1.83417281254025,0,1,-2.05903158153139,0,1.25207659152319,2.16053586163359
0,15.7424147351184,1,0.40052047687876,0,1,0.468314308357658,0,4.02216401242884,2.9415784697333
1,7.45242755323543,0,0.559424370936881,1,0,-0.10805834723781,0,0.688051193354734,0.810866288620462
0,13.0676730034922,1,0.267391304096065,0,0,1.0498969938941,0,2.23902128829906,2.48785174617375
1,13.7133281578862,0,-0.341614444109448,1,0,1.50409941717228,1,-1.16226692000079,0.865369770584657
1,12.2196478793585,0,1.03240013605402,0,0,2.30025376619145,0,2.11490953143688,1.31206719348443
0,19.2887552873417,0,1.27042321293483,0,0,2.12349594497671,0,3.07766139383307,1.54585709668938
1,7.910610685699,0,-2.28456474919293,0,0,-2.1603895547524,0,2.24960466112912,1.91574023615272
0,14.4245210457424,1,1.26882004798654,1,1,1.28879763871859,0,1.31883871118186,1.3242657704228
1,11.6442777301973,0,-1.65310496985154,0,0,-0.389139610736376,0,3.52992358463684,1.77158792444182
0,10.9566710246643,0,-0.234983652188785,1,0,0.95623195745551,0,1.11612826790653,1.01428146825736
1,13.8563649354095,1,-0.960609464405182,0,0,-1.42399267214876,1,-0.752803950995725,2.32050836416969
1,7.91839763726428,1,-0.54092180655045,0,0,0.478065519325411,0,0.979543337052586,2.26334520610316
0,6.74619633392638,0,1.38434573206351,0,0,0.268697910328478,1,-0.0835352981849131,1.53043952205889
1,10.0220764980663,1,0.644734153264736,0,0,-0.457703686533347,0,3.45870170972258,1.921683403853
1,19.0070285990218,0,0.693968371732099,0,0,2.46982199251663,0,2.97040641925072,1.36401237888221
0,12.2230590984501,1,-1.95576184036031,1,0,-1.99659198087402,1,-1.26272803451304,1.56766803031075
0,13.3257375929115,1,0.32958271867068,0,0,0.496622194033069,0,2.6369706029769,2.45292266817149
0,11.2406134492898,0,0.741209288366796,1,0,1.63263844254365,0,1.51400073151045,0.94565980278471
1,13.8819709278153,1,1.00976685267177,1,0,0.741929975804073,0,0.59491865733602,1.01176136051998
1,8.19328182793142,1,-0.881314532195915,1,0,-1.85604610139912,1,-0.753589838355336,1.17895863094037
1,16.6316418662746,0,1.1138594706934,0,0,1.40853321434236,0,1.51434659693094,1.28605494995857
1,14.3388210409654,1,-1.24181756788561,0,0,-2.81706269350571,0,0.690389203530186,2.39301788035743
1,8.77418870923318,0,1.83648490596867,0,0,1.44176068952101,0,1.5503396759477,1.20935791530444
1,12.218212983248,0,-0.666452160411056,0,1,-0.711010191512793,0,2.00117831952247,1.85790839934234
1,14.8653264779965,0,0.923677651549312,0,1,-0.380231768466313,0,3.66458564164947,1.53891761866685
0,14.2309239282184,0,0.46022058441762,0,0,0.787294159637468,0,1.95749227286551,1.66761622465111
0,17.9277360635075,0,-0.88432315697781,0,0,-1.43777889898661,0,2.3270260042958,1.93326012270557
1,9.5480489804206,0,1.2497391458728,0,0,2.44929716891174,0,1.91227862654604,1.29130712295988
1,16.4645464619616,0,0.208022307247007,0,0,0.0816257353936272,0,4.06666362405614,1.40514220646524
0,16.1461920397649,0,0.979869695245495,0,1,0.0503313389949778,0,4.4735069325626,1.86611538712515
1,11.3500674723886,0,0.341692760546092,0,0,0.684416173007245,0,1.01349033180393,1.39543040386849
1,8.09629322871246,1,0.959460184697039,0,0,0.977205432926653,0,2.24158474780208,1.88314372430614
0,7.64341923646194,0,0.0981147132626965,0,1,0.214866787859548,1,-1.08988619266431,2.10200399986446
1,13.8311478317799,1,1.26354012801081,0,0,1.60730635067479,0,1.67550262303949,1.80530590032542
1,11.7154930651164,0,-0.225025934259962,0,0,-0.511892003744731,0,1.28755966339129,1.47463080481037
1,19.1164106674058,1,0.728452424922859,1,1,0.383025657802952,1,-0.649055610630767,1.15070510034004
1,14.1405518419848,1,0.529977040663791,1,0,1.10938637743855,1,-0.325474248333705,1.05177866527719
1,10.512220499346,0,0.958981982091839,1,0,2.48084120338233,1,-0.955795375833437,0.795402630804406
1,7.89783100601154,0,-0.532064184896751,1,0,-2.58877964833297,1,-1.61177070094282,0.868776909812163
0,9.67039330157899,1,0.274395430883656,1,0,0.0354189513849371,0,2.20376067763577,1.28402877125987
1,13.3715535715893,1,-0.436449543415956,1,0,0.466948297228739,1,0.411647941317363,1.1378623003194
1,10.1962614117734,1,1.02060043985118,0,1,-0.0666488781317722,0,0.135007720454588,2.21790557646568
0,14.0569204809228,0,-0.496117174665855,1,0,0.611265404700044,0,1.27353341873049,1.03057230168471
0,10.6626477913209,0,1.83886517428996,1,0,1.36626423690589,1,-0.174085833384659,0.880857361148485
1,11.5777603648221,0,0.916149205687337,0,1,1.7296789307529,1,1.86854773501299,1.56873349788013
0,9.07796130876869,0,0.0770716342338471,0,0,1.64161702542328,0,1.66560409177709,1.77852886974448
1,19.6201743396348,1,1.41239821860217,0,0,2.49717679535485,0,3.38928072167443,1.79367335648901
1,13.3304869258816,0,0.058713929120564,0,0,1.39633382144479,0,4.04437408676619,1.44868681147222
1,12.9225345619978,0,0.702487627256012,0,0,-1.38611408551381,0,2.014024508773,1.32686555054445
0,5.23255034046373,1,0.580519903419738,0,0,-0.640517396830423,0,3.27105462248852,2.41796441075297
1,14.6391675981973,1,0.579430108392298,0,1,1.29728844226357,0,0.706619313333303,2.35164408163513
0,7.90550564448115,0,-0.5177091732643,0,0,-1.34943491501164,1,1.5545413835065,1.86620680967236
0,8.43391370258281,0,-1.16650514057537,1,0,-1.83404049905049,1,-3.88840287116139,1.08466349705443
1,15.6733646840866,1,-1.51486706293296,0,0,0.0160888305525586,0,3.50363694413005,2.54821932847248
1,10.1891974139671,0,-0.3444043848616,1,0,-0.336018286998894,1,-0.175060755126032,0.858694740080006
1,5.00651087998728,0,0.74285830100234,0,0,0.828241288285383,0,1.08639206310059,1.36357130901252
1,19.0796164395574,0,-0.0382413191072458,1,0,-0.303030786727267,1,-0.673645107466558,0.83837032870592
0,2.49037229842992,0,-1.17844721048364,0,0,-2.75143900621577,0,1.05429751051772,2.06159098106398
1,14.2912461194383,0,2.30939006314446,0,0,0.561728559310476,1,0.511358922841402,1.14376767487964
0,16.0689969963384,0,0.862699393011994,0,0,0.805623119145005,0,3.00726291728761,1.59368937958046
0,9.47612853335786,0,2.04137938559921,0,0,2.49087946586889,1,1.75979530808642,1.44273766133819
1,13.7771482056462,1,1.36080783577775,0,0,0.169634536681235,0,2.44091670469224,1.76829970402548
1,13.7565215535542,0,-0.463813902828969,0,0,-2.14402878445004,0,-0.31740897256529,1.50227158228839
0,16.162492611658,1,-0.250296277130205,0,1,1.18683778590548,1,1.66989100786933,3.24377485663925
1,13.9363975518101,0,-1.29131700275161,0,0,-0.65495467611434,0,1.73991821719031,1.67799757147776
0,11.0204648836299,0,0.850678101945979,0,0,1.44297762247195,0,3.23355554213488,1.61225015773611
0,15.6639682317608,0,1.78029893454494,0,1,2.85403511463742,0,2.6622652975883,1.74728575426339
1,15.2024894260391,0,-0.758459983812207,1,0,-0.261691519128498,0,1.01734042498898,0.883846505113649
0,8.25372386345683,0,-1.11966040818461,1,0,-2.29262585115109,0,-1.17103650563169,1.07894551829259
0,6.39685026401708,0,0.946646571004652,0,0,2.26077012922938,1,-1.39169475996976,1.63312973309581
0,12.6411101599727,0,-1.390067934001,1,1,-2.74101688580816,1,-2.61883048815706,1.22363347740524
1,10.9041505008993,1,2.04065306277753,1,0,1.46110624706625,1,-0.783128022123956,0.949695868829938
0,8.05784354975082,1,0.652714213303756,0,0,1.06688827003531,0,-0.72245187116968,2.40083898349945
1,12.3357227180601,0,-1.58153782665796,1,0,-1.38718213032619,0,2.01064453848016,0.943016986482401
0,6.72001389405238,1,0.422119034672946,0,0,1.07865467432831,0,1.2371111267178,2.48489802376574
0,12.6449054053048,0,0.231630919864042,0,0,1.23467205330628,1,0.526094707403725,1.72328059485257
1,9.50028644983232,0,-2.36341066868635,0,1,-3.08808013492402,1,0.730514167117258,2.31817802120852
0,15.8286570967699,0,0.116428540643747,0,0,-1.01271117617138,1,0.681542531126427,1.71458952540136
0,21.6979565646461,0,-0.370281202220576,1,0,-1.52103472552611,1,0.297277490478378,1.01708383261219
1,8.33608302525283,0,-0.793936162504726,0,0,-0.146092195213059,0,0.967779660648503,1.59738288483398
1,16.2306566837719,0,0.411023386588401,0,0,0.100575677025151,1,-0.851077588925424,1.37377270255821
1,15.3005989110731,0,1.01389629140454,0,0,1.5698144091433,0,3.2855960249183,1.30134951542243
1,11.7192231027786,0,1.85420106424184,0,0,3.14437490601115,1,0.397791511825646,1.2169029619374
1,10.1854145037719,0,-2.52065350105769,1,1,-3.30053333289591,0,0.558396299771013,1.14666458493731
1,18.3012308273499,0,0.936623636083464,1,0,1.8343348916885,1,-0.817604580722041,0.791063110838451
0,3.97816872705501,1,-0.912569424064742,1,0,-1.71768025272244,1,-2.49242857827332,1.443258312959
1,9.42722083362535,0,1.26060237371676,0,0,1.96168846695292,1,-2.15636772600964,1.28360143587708
1,6.2526262253689,0,0.418387936411527,1,1,0.304988796769136,1,-2.75610939491837,0.903115843185514
1,17.5812537557843,0,1.63076970961827,0,0,0.946142799188573,0,1.17610323377631,1.21818105937945
0,11.2371862694206,0,-1.37038944306245,0,0,-0.310167208638111,1,-0.118619939386987,2.08599125441474
0,9.90131520212131,0,0.593644449650053,0,0,1.41526200033849,0,1.20678425575716,1.66376699181722
0,24.7361778962653,1,0.542521116997286,0,0,-0.0787233563630156,0,3.84696365065094,2.41994359745826
0,11.7998509284495,0,1.16586075520392,1,0,1.12156106923345,0,1.43953090536651,0.915563376487365
1,10.2250027525339,0,-0.11891848110966,0,1,2.4957296168439,0,2.22319168317636,1.80924868486456
0,13.1994610005446,0,1.27601145593419,0,1,0.656143275333727,0,1.2457430406515,1.81421010451863
0,5.72630151698012,0,-0.387697860306079,0,1,-0.497147707630096,1,-0.797731793181426,2.23856080070991
1,13.9612105706883,0,-0.279625298186228,1,0,1.05287987736516,0,2.29942293252718,0.858119697847269
1,11.6153471956801,0,0.151532773412586,0,0,-0.856011481416672,0,2.26713186643773,1.41046862978076
0,13.8741004901206,0,-0.930511167481089,0,0,1.58864347393111,0,2.39327130649502,2.00995677523449
1,8.07051745624858,0,-0.365866466271802,0,1,-0.962463436467047,0,-0.429799809297132,1.80201450734163
0,7.90806463140823,1,1.1890844747965,0,0,0.746732924788409,1,-0.546047683843214,2.24720397348937
0,9.22634134689526,0,1.74409211777468,1,0,1.59780177512321,1,-3.67209664246965,0.88901104342641
1,8.92804170762887,0,1.21353509670464,0,0,2.36749193555556,1,1.94014523948264,1.29734512719416
1,17.1961998667344,0,-0.242903176521238,1,0,2.95460163868948,1,0.154252753388675,0.870046552127467
1,18.3165822472324,0,0.511645708011943,1,0,0.968126165666341,1,1.09634941015524,0.810277280174966
0,11.3724321878437,0,0.21221397082318,0,0,0.94555451190617,1,0.152393230077992,1.7254624623311
1,10.5642537576613,0,-1.14338493535919,0,1,-2.42127107207571,0,3.84772033780268,1.96167474390505
1,10.6838446783133,0,0.374246657923848,1,0,0.412326843544236,0,0.0522080005428124,0.817469954541209
1,12.2769459114121,1,-0.691523868557688,0,0,-2.93853704851449,1,0.277977502939871,2.23114301678784
0,12.3876169348042,0,-0.936748049599096,0,0,-1.07114512358179,1,0.0135890367751326,1.95061949249014
0,13.1601375510623,0,0.857106836876531,0,0,2.45013330637807,1,1.53317032456767,1.62378687750097
1,9.01328423581498,1,-0.607799044748191,0,0,-0.72573625208221,0,0.230949907032369,2.24575332585893
1,8.61241444471873,0,-0.0479246060624278,0,0,-0.0294430950420092,0,3.89351605230208,1.45966428933123
0,16.7883106549843,0,-0.805832470331591,1,0,-0.798904722418277,1,-0.168513605108011,1.04902430861943
0,9.80549055558671,0,0.153999331409007,0,0,0.128324747331361,0,1.50950102938685,1.73032200337831
1,13.2121827809018,1,0.634468380959507,1,1,0.656639791014503,0,0.466321226729897,1.16075599646856
1,11.7721178647867,1,0.630266433314776,0,0,-0.773245807049716,0,0.297220989646547,1.91498192078894
1,8.16860243139732,0,-0.983571952915415,1,0,-1.59275736049171,1,-3.50802832476521,0.901335373647099
0,14.364247637646,0,1.40168472640304,1,1,1.00373955477167,1,-1.67036725018299,0.985195971945128
1,12.6924194939718,1,1.62989590798411,0,0,2.31659347095073,0,2.57227269331315,1.74784319252047
1,17.59913342485,1,0.55890176065925,0,1,0.932269731278702,0,4.26792375811365,2.34893248352999
1,12.469838338508,0,0.292177931269426,1,0,-0.551716157600155,1,-0.69944373671911,0.817311454699441
1,10.6738169671966,0,0.194081072993046,1,1,0.939833087573715,0,-0.476746658044169,0.912986108542068
0,13.1131796532215,0,0.388677742471961,1,1,1.54639496010951,1,0.116350182299148,1.06852312933899
1,7.25763340385864,1,0.458999922761224,0,0,-0.757841413907897,0,2.87426300702411,1.97781499324253
0,8.65642378642561,0,0.223387856812425,1,0,0.293963205331629,1,-0.0508770521590005,0.979123190019934
1,14.0410930045577,0,0.80423410096031,0,0,0.185619264946387,0,4.08514248287197,1.31810418119101
1,10.6675163951042,1,-0.219093378426492,0,0,-0.730566745705529,0,2.14022075262969,2.12620801128221
0,11.7361562145901,0,1.24670649064807,0,0,1.78393167752229,0,-0.758973891594096,1.54690421083853
1,11.5391131623122,1,0.0877083198524983,0,0,1.03494924710975,0,2.80328423276734,2.07601988977715
0,9.39794952490188,0,-1.66171452128714,0,0,-1.18757808930145,0,1.91537297416309,2.15994514790973
0,3.92524536367033,0,-0.0604679157467001,0,1,-0.556059792513004,0,-0.0369761861263642,2.16540182631237
1,13.3953398807064,0,0.590973851460938,1,0,1.64463925956983,1,-0.652990394680923,0.808343841852827
0,15.0465580305874,0,1.38049725313958,0,0,2.56285246529193,0,2.34534682478951,1.53142890050375
1,6.8451350585995,0,0.138661783201103,1,1,-0.992269441782905,0,0.24259472326045,0.915819056280698
0,17.9296108738344,1,-1.76077309293266,0,0,-1.2683084586328,0,3.0105701637482,3.21939820882538
0,13.5406192947489,1,0.140237958872851,0,0,-0.884020618532804,0,1.58539391916868,2.48579719183382
1,17.3665611799755,0,-1.01554631016772,0,0,0.61485284070256,1,0.00771079881846692,1.64237770211498
0,8.17131811503085,0,-0.89439252249944,0,0,-0.542619763321017,0,0.251844006086914,1.9671339596475
0,12.667125153417,1,-0.898955799700798,0,0,0.294850773020377,1,0.497967270385521,2.89080154195367
0,11.5999441642448,1,-0.683227482870115,0,0,-0.179084239721565,0,2.67514308445746,2.79277312854707
1,15.0740297275271,0,1.29786938783196,1,0,1.13033929840848,1,0.115192873024011,0.769817123511942
1,9.69656172834923,1,-0.72456328226035,0,0,0.112890877179044,1,0.981413696001138,2.29705975062982
0,11.9596093121902,0,-0.319466680831064,1,0,-1.50318833446669,0,-1.47001055072094,1.00709578278683
0,4.88536340502422,0,0.233027095450495,0,0,-1.15080169689695,0,1.29160004230211,1.73175121899507
0,8.889514228518,0,0.97927476786437,0,0,0.437016271814759,0,0.642056996321962,1.58558220147446
1,12.5001355346604,0,-0.53170365472838,0,1,-0.1530843483403,0,3.02818247654194,1.83415395054832
1,9.17471403044711,1,-0.724476723565524,0,0,-1.05641765376629,0,1.58621275701859,2.27338489404535
1,11.8257220567541,0,-0.3903585016463,1,0,-0.947220022974223,1,-2.26559982140743,0.857547589665167
1,10.1282961042991,1,-1.06043573819038,0,0,-0.0483012731016067,1,-0.574384308385606,2.39970192887364
1,14.427720544646,0,1.07431055491627,1,0,0.506395046484229,0,2.74693173900472,0.778728493266933
1,16.6739532349983,0,-2.00521860174896,0,0,-0.8740221975923,0,1.75114893756842,1.84696984911942
1,8.70999434876991,1,-0.430592133867201,0,1,-1.12642810810687,0,0.120792565533748,2.65462471406396
0,10.7718537656211,1,-1.33342148443766,0,0,-1.4821863094582,0,2.86994295220443,3.02685840209377
0,17.759045033479,1,-1.77919433385499,0,0,-2.42791722829874,0,3.46008466277204,3.19659637173731
0,3.20430698326517,0,0.0607012669119135,0,0,-0.33345498485827,0,0.646582971253448,1.78931881690927
0,10.7206488330371,0,1.64544214965315,0,0,0.590951769642111,0,3.84437809246092,1.47604965415135
1,20.2588171365734,0,1.84722852616556,0,0,2.48680366986397,0,3.15716188123934,1.20912893549556
1,20.774360276257,0,-0.345032605590195,0,1,1.03502529600763,0,2.21042209543535,1.82154192937237
0,12.6263812934006,0,-0.570691895584238,0,1,-0.161069388475503,1,0.32438339389116,2.25541789752997
0,8.54556419754545,0,-0.452770661496132,0,1,1.34495282514046,0,2.77788740996077,2.28396510109263
1,12.6618296779618,0,0.846728528563469,1,1,-0.876753179406722,1,-0.136696565583421,0.861086105659718
0,9.38890241621192,0,-2.4678079388179,1,1,-3.32547098860154,1,-0.931065429368434,1.37014130669247
0,17.8112691291659,1,0.42581316571395,0,0,1.12857025969679,0,4.24302011938077,2.43692057791488
0,8.77406937718782,0,-0.317799687235676,1,0,0.203320294928786,1,-0.840996998565488,1.02020916603537
0,13.491646380835,0,-0.609022033042754,1,1,-0.347108850185163,0,2.19651802599564,1.14951037568988
1,14.4794002982748,0,-1.85132602833738,1,0,-0.170847033239463,0,2.23934976069899,0.973933860823496
0,8.9699593572166,0,-0.116126824210787,1,0,1.44896233580476,1,-0.969525175967479,1.01223763145891
0,15.4060987260247,1,-1.49499578519562,1,1,-3.00023915933728,0,0.548994961294615,1.68929417659629
1,9.00828011633478,0,0.0847749279710113,0,0,-0.252546523733562,1,-0.631833572738763,1.43368369571666
0,14.5209593186159,1,-0.74969208432726,0,1,-2.03851586181372,0,1.11102685379903,3.37503452000756
1,16.3866465324142,1,0.220186189507708,1,0,-0.856721317474524,1,-0.672982597268162,1.06723820143818
1,8.04622831046717,0,0.551466362488455,0,1,0.870185039740326,0,2.68245737081992,1.63729398012864
0,16.4319801639184,0,-0.33941896555876,1,0,-0.0236913899524318,0,0.591331903630279,1.01327737828144
0,10.0418685151503,1,-0.9219797710645,0,0,-1.60201278084857,1,-1.18568620885631,2.85954334932541
0,13.1774135537479,0,-0.479968093492832,0,0,-0.0465935130876116,0,1.20000395191484,1.85482286443182
1,12.8073498891551,0,-0.529320004322943,0,0,-1.1390819336076,0,1.81247264393914,1.52054281576478
1,10.2912144546472,0,-1.380363684509,0,0,-1.03803767107876,0,3.0380886867562,1.69969670582087
1,13.0724114799911,1,-0.639894099106285,0,1,-0.406024728784222,1,-0.206657669208964,2.72284234021885
1,7.07827629830465,0,-0.112622371874106,1,0,-0.535852189587471,1,-2.21790100227618,0.848932387132582
0,11.4554525112601,1,-0.106278784686798,0,0,-0.95181672254958,1,-0.0701442540183099,2.5705331183049
0,15.3031633266607,0,0.482573373153899,1,0,-0.0297200536720256,1,-1.44110401378137,0.952131677236473
0,3.30350140308274,0,1.32491073715437,0,1,1.84909195530804,0,3.11514079157647,1.88483299626112
0,6.04829525056698,1,0.394153984169537,0,0,-0.0395449072018584,0,1.29501323695823,2.4733164497026
1,7.35224976961211,0,1.55930947243818,0,0,1.29732417852673,1,0.925744180091052,1.24654350664352
0,5.64364122341828,0,-0.591489552486123,0,0,-1.60481382221037,0,1.88285293602514,1.89644675191567
0,13.6783321571854,1,1.48745173157218,0,0,1.19012025632124,0,3.40081605169914,2.14971061967134
1,8.02828660097596,0,0.683691773827367,0,0,0.729117996035909,0,0.269514803808099,1.35538095846196
1,3.34181165868411,0,-1.14829076864719,0,0,-1.85398149752177,0,-0.917295852512282,1.68058493281978
1,9.4497249396782,1,0.506668261882006,1,0,0.00845317195026807,1,-1.18436139672693,1.05402370742174
1,10.4374589941008,0,-1.12331825062847,0,0,-2.12963778103195,1,-0.940485676328933,1.63197687001349
1,15.4271418951124,0,1.11150209464284,1,0,1.80493827083441,1,-0.625548010575965,0.781110293721525
1,7.58499145600468,0,-0.453896230467536,0,0,1.82172886200253,0,1.82064700499769,1.57328701189202
1,16.6451570229548,0,-0.0596586168070711,1,0,-0.528437275497558,1,0.969412386508702,0.837123909818668
1,13.5934508625144,0,-0.533601980318088,0,1,0.0589988155966563,0,2.10934181397923,1.83640491325064
0,13.4494086305422,0,-0.717684206058875,0,0,0.998777327315242,1,-0.0729272117244589,1.9356910831219
0,8.58989731874199,1,1.7880386823842,1,0,1.28949349309901,1,0.75422746558955,1.15432584074769
1,19.8146715195922,0,1.19995123809869,0,0,0.998932969209524,1,1.20490922257453,1.27511443338627
1,11.3429166716114,0,0.798642243743562,0,0,1.54934655323016,0,2.48658118572461,1.33715629619133
1,4.70040966328667,0,0.130624055636804,0,0,-0.784717647013327,0,-0.18193526407071,1.44402954138385
0,11.18457411443,0,0.848179555696108,0,0,0.786888793750771,0,3.02507682191765,1.6029924986859
0,4.2622237170718,1,0.704335014086669,1,0,-0.00620782400374298,1,-0.396363806562271,1.26165572529424
1,10.7579595368533,1,1.72110019374982,1,1,0.650842765301688,0,2.12025793368153,1.06903717454066
1,10.3110919872415,0,0.963150698084855,0,0,1.47695757664433,1,-1.02306667545101,1.31551432712717
0,14.7273187616136,1,-0.0589158188413776,0,0,-0.0504565244006911,0,3.91301532277224,2.56194573878878
0,16.03798474295,0,-0.0545130958303962,0,0,2.27539254401221,0,2.76109370840078,1.80657885973654
1,9.09558014039538,1,-0.367116762932173,0,1,-3.1291788565623,0,3.32033338696649,2.6141202914092
0,15.2244354735001,0,-0.211494206080833,0,0,0.586032078156916,0,3.10439039292928,1.80280823026983
0,17.6972924386751,1,-0.0597110151087765,0,0,-0.704059797802624,0,3.04519653473118,2.55170025301104
1,8.86342398062942,0,1.32151498940456,0,0,1.11392005963277,1,1.91680042731388,1.26857245897044
0,9.39038253400267,0,-2.23445580735806,0,1,-3.22935296589403,0,2.9015019918358,2.79724900930496
1,14.6031134526147,1,-0.545814693884194,0,0,0.168616929497232,0,2.75472474657478,2.22531695113755
1,12.7321918797757,0,0.0044411994311008,1,0,1.27718088751071,1,-1.44740819445142,0.841634803164862
0,14.1950998417771,0,-1.14130740533543,0,0,-0.510244206314391,0,3.21909518378666,2.01061100806503
1,17.6187371781903,1,1.80528798188743,0,1,1.05961882931269,0,3.94251306563234,2.02758970863663
1,13.5483324783056,0,-0.0884649762288022,0,1,1.65149581739676,0,2.37197442881079,1.76745431819033
0,16.2068050807015,1,-0.954850080406577,0,1,-0.956508695185081,0,2.61021811513341,3.49992695583135
0,14.4916218493488,0,-0.746697568317188,0,0,-0.423042648041883,0,2.08941020435509,1.91048389291364
0,13.7344815592354,1,1.00973997810579,0,0,1.09784616486901,1,-1.05075411817204,2.26904623879397
0,13.5443377527376,0,2.00445271803147,0,0,1.92409537197843,0,3.41751910015863,1.42998496967485
1,17.1652932178323,0,0.0573844283660821,0,0,0.300014443585037,0,1.08792271946907,1.43242984631369
0,7.99096050515738,0,0.186938412427887,0,1,-0.763704719104396,0,2.39181311167321,2.06192234442978
0,7.57926908337002,0,-0.872742369221403,1,0,0.156261623935148,1,-2.74736826241368,1.07188399187153
1,14.3677840135888,0,1.47032255086507,0,0,2.25032927593952,0,3.64325788567365,1.24917659703919
0,11.5212413434675,1,0.837869339780645,1,0,0.831910308593664,1,0.150884946733296,1.22735302869852
0,12.2960208467398,0,-2.20629325439013,0,0,-1.13792731607028,0,3.87447479642436,2.32413880727364
1,14.9651095086856,0,-0.48558145073067,1,0,-1.76807914636643,0,-0.242933764205994,0.860169290195929
0,15.0131801913963,1,-0.0839856924275657,0,1,1.15127507309183,0,4.08647283074646,3.16705700555673
1,10.9493179865529,0,-0.988667493514996,0,0,-0.677172440121826,0,1.54407245284235,1.61871275292195
0,10.7498245240116,1,-0.165725930362041,0,0,0.444993341789613,0,2.3799395149151,2.62630278107253
1,12.2943944360315,1,-1.00049720990388,0,0,-1.34326525962154,1,-0.653377941799485,2.33827501142079
0,16.252071157179,1,0.521828665302362,0,0,-0.0979442096670221,0,3.02066454263474,2.38075872276497
0,13.704081946716,0,0.472685583332297,0,0,0.0635233524289976,0,1.27176804147049,1.6568563279648
0,17.7320300432928,1,0.988304653572308,0,1,2.20187800028045,0,2.71144749210818,2.78207172246323
1,11.9694525183201,0,0.546150661116772,0,0,1.7466218413326,0,3.16687657366616,1.37672900048256
1,16.502670420883,0,1.76914074306269,0,1,3.47903984537827,1,-1.3400741138209,1.44940601031733
1,15.532009244069,1,-0.220817784847411,1,0,-0.337494897902109,1,-0.977071119738011,1.10936341679307
1,14.4483338436003,1,-1.99882002900043,1,1,-2.82039313331789,1,-1.35327574881826,1.47664305233568
1,13.6588028271139,1,0.172247241351026,0,1,1.77130144337478,0,3.66665168154154,2.50020828868858
1,10.8804704114299,0,0.768653549139796,0,0,-0.684486641844447,0,2.18177103744315,1.32345156071454
0,11.5638499633231,0,-0.285597099879572,0,0,-0.328843978535502,0,0.736358354617792,1.8102541526377
0,12.9175819828339,1,1.53005229746125,0,0,2.2624851370786,0,4.22713558513997,2.16337675007712
0,12.1955555627171,1,1.21672423431324,0,0,0.176395050860859,0,3.31056281032799,2.20602295399987
0,15.7728978735449,0,0.695222277656664,0,1,-0.70714452739876,0,4.27359603284682,1.92077952690113
1,11.5627315072543,0,0.195402072847153,0,0,0.790214973533105,0,1.14141633242061,1.41975651319436
1,11.7184923136487,0,-0.424315710057298,1,0,1.10391972055598,1,1.10725086816955,0.869893020099584
0,10.0627236497373,0,-0.0763161312845693,0,1,-0.690425423225753,0,3.47380927664536,2.11738537081809
1,11.4466546858267,0,0.593644394528192,1,1,-0.188576495780197,0,2.46374777320597,0.879360959730733
0,11.7249374307846,1,1.08504616255554,0,0,0.26069177074529,1,-0.985541086534755,2.2420198831333
1,2.74505690440234,0,-0.258664087770308,1,0,1.04351248027764,0,0.21517895474771,0.879205257471487
1,6.54067321114273,1,-0.652846526312209,1,0,-1.50537498857143,1,-1.64872905755571,1.16223053905665
0,11.7100523601922,0,2.59270638546802,0,0,1.87236310264363,0,1.17696988698434,1.35727329232381
0,10.938864900542,0,0.62794581935512,1,1,-0.266695521008924,1,-0.750923076445484,1.04021752918857
0,7.19652268717026,0,-0.83163797846575,0,0,-1.34757674126313,0,2.22763816781372,1.94497796575316
0,4.03384729582792,1,0.97131752930153,0,1,0.413938060310279,1,0.201075580056062,2.82901274360656
1,10.5825231203463,0,0.177511729101316,0,0,0.879784434864931,0,2.27547397541389,1.42662804727352
1,14.6139830627771,0,0.982929079149404,0,0,1.42079702249799,0,3.99236364561499,1.30425431458204
1,19.0929545277103,0,0.252726497837931,0,0,0.908404297139962,0,2.1363518588998,1.41078037912676
0,11.8461728251626,0,0.0600326770064169,0,0,-0.451705884624896,1,0.887366483295662,1.73500076412335
0,17.9727393625109,1,0.270339014337369,0,0,1.17458071803405,1,2.09981932020802,2.48770807343817
1,12.3320886305439,0,0.546101683357987,1,0,-2.58371227291417,0,-0.79065426320257,0.802213035579276
0,12.4621284170382,1,-0.485464447373548,0,1,0.76685900816402,0,0.80889679838131,3.34458876640266
0,13.299301253395,0,-0.52237021773919,0,1,-0.189530821861865,1,1.65259876604428,2.23871172242103
0,8.51769101895632,1,-0.0996022959497974,0,1,-0.419527572048612,1,-0.0828523256475639,3.15735316348556
0,11.7931271484205,1,0.289232703121294,0,0,0.882691473851111,0,4.75105233486548,2.48140394806467
0,15.633790795169,0,-0.161038547317706,1,0,-1.42782272330254,1,-0.393551101591437,0.993559434884305
0,9.00109685259124,1,0.406995530983814,0,0,-0.13570705507855,0,1.84543324083285,2.43955595391844
0,10.7135757204482,0,-0.994599655397516,0,0,-0.778292280513308,1,-1.81521892269527,1.97547326940627
0,7.40891699816298,0,-1.35686928288575,1,0,-3.04533669704021,1,-2.6675730853737,1.10129220861571
0,13.4174087857974,0,2.02618472036606,1,0,1.92011337540918,0,0.347063688024239,0.870380132448059
0,13.6991991295561,0,0.534869104355872,0,1,0.635531165932703,1,3.74577017943849,1.97350612384869
1,14.5933894048963,1,-0.241094239345616,0,0,-0.384085926788562,0,0.902891474826925,2.12645187632326
0,7.12075987393239,1,-0.20875024975104,0,1,-1.43067210039111,0,2.44733466254256,3.19752764907896
0,12.4289401390191,0,0.909407932433751,0,0,2.20049813996921,0,4.0244878843366,1.61075063440124
1,8.22376923340062,0,-0.11808312189535,0,0,-1.531219476674,0,0.992321305893927,1.46062460114545
1,11.9984614051359,0,0.322099577928042,1,0,-1.24503621834041,1,-1.09477763228744,0.814642475437476
0,17.3704956800243,0,-0.091020669298208,0,1,-0.499956068764855,1,-0.0447944296813023,2.11270597801656
1,9.9858988522629,1,-0.39153206941413,0,1,1.24763071002076,1,0.442138685156981,2.70278794355798
0,14.8667332837553,0,0.750857146357809,0,0,1.00640740996033,0,2.32694912627842,1.61618424126522
1,9.00132566366522,0,0.2415078149868,0,1,0.581087800376232,0,1.46300558823839,1.68912720934072
1,10.0858871581988,0,1.41267153855233,0,0,1.28754170824702,0,2.66307414395627,1.25456216167617
0,13.7548870023465,0,-0.987847987651279,0,0,-0.579451705976725,0,1.42685898835329,1.96922645937201
0,9.28355091816853,0,-0.0424718968677096,0,1,0.683552859717868,0,0.920040988042088,2.13872141321003
0,5.18814065941826,0,-0.157107542225605,0,1,0.602243195883211,0,2.86225294246964,2.20295677477935
1,17.0606737408533,1,-0.89425559650514,0,1,0.637032609295407,1,1.2354718010379,2.85843149741028
1,13.4414289515194,0,1.14227301577346,0,0,0.488631171211027,1,-1.38097915717374,1.27571181072504
1,9.66544223775964,1,-0.000745326696547255,1,0,-0.272204449216357,1,-1.9817195436978,1.09603255197803
0,4.0236848506776,1,-1.34532114192469,0,0,-0.8915456302103,0,2.07530545892127,3.13116455777671
1,19.6088390855972,0,-0.386052236538248,0,1,0.625111879646302,0,2.28839398271963,1.81811834502484
1,25.5614832850862,0,-0.839718727795233,0,1,-0.927126143721037,0,4.34561789469729,1.94064610663624
1,12.8299216294218,1,1.17738772890864,1,1,1.74646091061325,0,1.5048097477176,1.11800994958452
0,15.3992265900448,1,2.69689672276255,0,0,2.30243630572554,0,1.58245287932608,1.90632243130522
0,16.8982412482966,0,-0.504733406653445,0,0,-0.677227446838946,0,3.02517899766133,1.85016079687924
0,9.19278226584557,0,-0.000302185443341998,0,0,1.10376940346661,1,-2.348871506628,1.7827499869268
0,10.5952150817738,0,0.385687185108396,0,0,-1.39111516592639,1,-0.865541376559554,1.67000341485748
1,5.09151585341922,0,2.769874577541,0,0,3.03233647679841,0,1.82963467978762,1.13942987490282
0,9.05368707091251,1,-2.23846659296661,0,1,-1.22198973063534,0,2.31189267145319,4.2957920496091
1,14.4896391315445,0,-0.359059344380871,1,0,-0.768939934788045,0,1.3521796059523,0.854710222697751
0,10.8371360430365,0,-1.09442339679738,0,0,-0.361196306637393,0,2.12604920527138,2.00948747385195
1,11.1431538632677,0,-0.106193267604237,0,0,-0.711258022712527,0,3.15702404053368,1.45407570376653
1,11.5497617939899,0,-0.150401599646108,0,0,0.126303432657177,0,3.69486768165224,1.46932122509154
1,4.54533207001758,1,-0.674355485324755,0,0,-0.629123407708883,0,2.96065344677539,2.30913646285077
1,15.3505197369267,0,1.99766091489281,1,0,1.91257439409596,0,0.406253988455165,0.741776888578461
1,6.22602844425832,0,0.329325621507561,0,0,-0.89420135819543,1,-1.56269872800636,1.40333741757313
0,11.1657193503374,1,2.50524256769134,1,1,2.25431172012403,1,-1.28124756615588,1.2175098753716
0,10.2457461517647,0,0.926074087736,0,1,0.214578881236238,0,2.04904472031473,1.89068974153231
1,11.1256247325752,0,-1.14405590293028,1,0,-1.60240693704789,0,0.897421667069154,0.908483786142397
1,17.8398637789431,0,-0.565092577278752,0,0,0.627550055778502,1,0.896558185819245,1.55022451419563
1,9.67176032833852,1,0.379756022446338,0,0,-0.100118956327177,0,1.51595983240436,1.98871717306684
0,8.86760961715241,0,-0.489222844913518,0,0,-0.43327590981235,0,1.64480435306925,1.86611839609367
1,5.92138402022462,0,0.423503529279857,1,1,0.375740991313221,1,-1.54079714013811,0.904056794006741
0,8.777207673555,0,0.820344718693768,0,0,0.718650761016904,0,1.16080131091028,1.61667471352543
1,7.33526117052905,0,0.504474888356361,1,0,1.17391799061863,1,-1.95533735272847,0.819003163948064
0,13.6317847849932,0,0.00170501367908171,0,0,0.0955750376895483,1,-0.446757805268951,1.7500676445344
0,8.54798301596849,0,-0.558059103702891,0,1,-0.317681047879688,0,1.68405101406653,2.26842169371521
0,13.2161681401125,1,-1.15715900776304,0,1,-1.91527852684481,0,0.944020114415814,3.58014714343535
0,11.4142900486083,1,0.455037799084397,1,1,-0.0130783766424828,0,2.77168919765553,1.4143754800125
1,6.26575128035678,0,0.994993186896465,0,1,0.400646267675202,0,3.85782137206358,1.56134662156666
1,8.83756885710921,0,0.0187062788259137,0,1,0.571360259422534,0,0.889144580751841,1.73647750469646
1,15.5404498202307,0,0.919022150926787,0,0,2.21595557242142,1,2.0527570313851,1.32335667321108
1,15.6123043438183,0,2.39365272696218,0,1,2.0791442767041,1,1.29030343367465,1.34076744335255
0,20.0222930972025,0,2.13404421292973,0,0,0.119004759056046,0,3.05278480734957,1.40679440512084
1,11.9856787664009,1,-0.365048689112126,0,1,-1.10070467396225,0,2.23688390726552,2.61141941151708
0,6.01669274407144,0,0.60687876883578,0,0,-0.267230198397239,0,2.00537688517786,1.66043119589017
0,8.92633189193936,0,-0.61294731882674,0,0,0.657070787350316,0,2.12676100202839,1.91745018087961
1,13.6339540193606,1,0.836152964095216,1,0,0.905486188246478,0,0.483575773919305,1.02601979848439
0,19.6005453395789,0,0.13764231331904,1,1,1.69838522611298,0,2.83783151242286,1.09489966439504
0,12.4400364937589,0,0.401987943004235,0,1,0.927292435487203,1,1.70400176353548,2.01402849345467
1,16.5615473005139,1,-0.683399141404062,1,1,-2.27534088911118,1,-0.824822987376905,1.29028417081234
0,15.072325218769,1,1.35610116802033,0,1,2.00173503846646,0,2.08315887421293,2.64924739113016
1,7.32763351153067,1,-0.000903631361562768,0,0,-0.685481191096916,1,-2.25563557321193,2.09048947546092
0,11.3155493909406,0,-0.332764464045658,0,0,-0.219005610745893,0,2.71045945207458,1.82314879775619
0,17.2210461453907,0,0.0955890888387205,1,0,-0.0338538208321381,1,-0.33858745395662,0.979906549504423
0,15.5043844383837,1,0.231442224379712,1,0,0.0424279261338933,1,-1.02431908402149,1.27982399430211
1,13.8551845662712,1,1.78541585735656,0,0,1.58259864628542,0,2.72764154940675,1.7042757410421
1,13.9084569815075,1,-0.961639418518675,0,0,1.08865330590961,0,1.71258335682981,2.39005257878994
0,10.0343787991624,0,2.55933499148261,0,0,4.16953363745103,0,2.75497601983143,1.39466258354848
0,6.72245874662319,1,-0.70608779899678,1,1,-1.7281476096017,0,1.01249243581737,1.58549119806149
1,17.1817031633252,0,0.356460406593317,0,1,0.716957645274166,0,1.02266887089401,1.65324743910663
1,6.31912203333228,0,-1.98495014441593,0,1,-0.780394244128699,0,0.691512826393392,2.26504641714685
1,8.24441632117668,1,-0.562016367117955,0,0,0.612953366764497,1,-1.57460447210565,2.27131672001361
1,14.5158599700794,0,0.886931963829527,0,1,0.126707517467039,1,-0.560382356420341,1.54856610191285
0,6.9512218024416,0,0.574745276603436,0,0,2.05405839347535,0,3.65843593064405,1.69646812212763
1,9.79251834690883,0,0.518497405221637,1,0,-0.298173208345154,1,-0.0867787566776985,0.808493670351728
1,7.26880197287009,0,-0.384077283803986,0,1,-0.194746730806908,1,0.652266374546957,1.82205722806522
1,14.4826542309158,1,-1.68874592374867,0,0,-1.38516357764608,0,1.60044936329959,2.57082056836893
0,13.7852520665524,1,-0.934972106393893,0,0,-2.71711071028217,1,1.01963167770302,2.83338711010684
1,13.6875387730948,0,-0.0829533775930953,0,0,-0.089385410095854,1,-1.07026708610316,1.45155646210455
1,13.7698590885825,0,0.769335765876526,0,1,-1.20335221625758,0,0.340341418611195,1.56260257050543
0,14.2289829855158,1,0.979735311244856,0,0,-0.844313363081762,1,-2.77301009282877,2.25126581747292
1,14.5574259678821,1,-0.147313789475088,0,1,0.308775902620952,0,2.94481132169346,2.56007832491076
1,4.12535377330311,0,-0.100298996679358,0,0,0.272197961687664,0,1.3034455787344,1.49838738226085
0,11.4047345545605,0,-0.0488041769781359,1,1,0.839577869266825,0,0.918297562665452,1.10514841050272
0,12.4498552502076,0,0.182344085457802,1,1,0.486388836179266,0,2.23142179233661,1.07952621225382
0,14.898704810591,0,1.68613193369206,0,0,1.16134968618384,0,2.76450771815212,1.46656712212884
0,7.25005569597886,0,-0.654211971130603,0,0,-1.38243848827457,1,-0.85404067988399,1.90155553462044
1,10.0015992407363,1,-0.0947467271449896,0,0,0.799823772054585,0,3.23434630187235,2.12728864012897
1,7.70542803699537,0,0.16578057281295,0,0,1.68387050194062,0,3.34726567514982,1.45347856483705
1,16.2289608508387,0,-1.16597628467667,0,1,-0.214892965143637,1,1.82234285976508,1.99254536864653
1,17.1162903328373,0,-0.739866331874575,0,0,-0.361778639166522,1,1.03586398631594,1.56811465116673
1,15.1507069014369,0,0.361769017623475,1,1,0.234278890355437,1,-1.22953888391181,0.894031776006756
1,7.11038646969204,0,0.508172992436015,1,0,1.99769381924043,1,-1.32774910558016,0.823706733345802
0,13.8078084669466,0,1.27816829404978,0,0,-1.07544060270307,1,0.121287152864586,1.51767802673341
0,16.6017967455237,0,-0.299687988983271,0,1,0.859239079440776,0,3.3816132738954,2.19700459644853
0,12.6717639229458,1,1.58061826046381,0,0,1.53964061774026,1,1.69301789788135,2.13648832034083
1,9.73556266841612,0,-0.757200590635374,0,1,-1.7969461435944,1,-1.60530347431797,1.8751211539874
1,7.6555270375546,0,-1.50972780912672,1,1,-0.806510498350425,0,-0.551368460598853,1.05579767259921
1,9.33878881775938,0,-1.8426255573744,0,0,-2.73951631568025,0,1.12592965863531,1.78902892054016
1,14.8593934237974,0,1.26264420917856,1,0,1.54524413164631,0,0.12408057664883,0.772844160412707
1,10.2733555984723,0,0.417605667290179,0,0,0.695873784452474,0,3.08321628058287,1.38673357773603
1,12.9104597597604,0,0.00868270764907769,1,0,0.0689869182419554,1,-1.05330325013004,0.835430977926693
1,17.1797831826812,0,-0.111815555185082,0,0,-1.80211512613769,1,-2.53524595618647,1.44566469952601
1,14.3133397618778,0,1.73938885302554,0,0,2.03494226874301,1,0.399843339121793,1.21372295429459
1,17.4586911258942,1,1.38573241531819,0,0,1.05714036374589,1,0.96870831785348,1.7712048312105
1,5.19368078935837,1,-0.941802903305666,1,0,-1.80365116194951,0,-0.812612751547185,1.19713418697259
0,10.8772948811448,1,-1.28224403400478,0,0,-2.35709179154187,0,0.350501473014015,2.98599602197872
0,12.2602720779688,0,1.20789860170955,0,1,0.191803140455337,0,2.67741402463496,1.82538530964273
0,14.3143571664341,0,0.703755377681683,0,1,0.00129548081515396,0,4.05558029844944,1.92525123259333
1,7.32317351388412,0,-0.427749249950873,1,0,0.682472893263005,0,0.189349707684931,0.874801579479163
1,15.2247394217892,0,0.558699359788989,0,0,1.39611176589666,1,1.71200528402687,1.36554795039134
0,13.2295603046493,0,-1.89093550086487,1,1,-1.68380741751033,1,0.797398098867781,1.29300346409678
1,13.0552240544189,0,-0.524589232389258,1,0,1.11244828080475,1,-1.9260505658481,0.875880065825789
1,14.0339391664202,0,0.585346597190299,0,0,2.32776718621962,0,3.53456050622343,1.37691278534804
1,11.534566240492,0,0.0524340233809584,1,0,0.860740453886708,1,-0.972375850118662,0.837444961074484
0,15.7021843939965,1,-1.12486580017537,0,1,-2.15128594247722,0,2.78572315415994,3.55569747877843
0,14.592919094926,1,1.16119532162623,1,0,2.54020453648486,1,1.7325290734509,1.2069524450815
1,11.3991625033292,0,1.28705096423531,1,1,0.988915953784224,1,0.528194515900002,0.841842905114046
0,16.1615080773628,0,-0.778424757683373,0,1,-0.859480974827248,1,0.361797487895439,2.30115833862198
0,13.1702347397847,1,-0.0537642817251713,1,0,0.115478185268338,1,-2.15071262390015,1.31423128413586
1,14.6750055977579,0,0.887363995437827,0,0,1.08705176695771,0,2.84802482316681,1.31392931984073
1,9.62328943350311,0,0.969957737053694,0,0,0.56231057783383,0,2.40236372042075,1.30741357733593
1,18.3217273479437,0,-0.335530341155428,0,0,0.522556407365567,0,3.95025842892086,1.50575690448314
0,11.9840442226001,1,-0.758699397342098,1,1,-1.32090144554701,1,0.773622466610161,1.5771477149163
1,15.3913710755739,0,0.508989117601126,1,0,-0.111892338994808,1,-0.457782507445847,0.805646837717942
0,11.5995338964292,0,-1.80002287906538,0,0,-1.93832094760581,0,1.93984219810475,2.17737333845569
1,10.8814803720776,1,-0.831262785627587,1,1,-1.69213085316372,0,1.39044580724669,1.31605486893055
1,15.13775298112,1,0.934964656868642,1,0,1.03002419304019,0,2.60322639967582,1.01831279090509
0,5.6615334216353,1,-1.64718307129795,1,1,-1.88782123549553,0,0.755994141655421,1.76075113653323
1,13.9134645911761,1,-1.05164248087088,0,0,-1.21840841133035,0,1.55861218031765,2.35302060593352
1,13.5742654919793,0,-0.0950424086945742,0,1,0.494491627788153,1,-0.397856856358437,1.74406926613933
1,1.21868252350193,0,-0.279886675902192,0,1,-2.10253078905032,0,0.915001327341925,1.83130563032591
0,13.473509314133,1,-1.61930966454595,0,0,-1.23213265947526,0,2.08564739788506,3.15045308331222
1,3.32632901061198,0,0.552642131997039,0,1,1.47715367658394,0,1.82848236055317,1.68250628611653
1,14.6392175075709,0,-0.865064162008055,0,0,0.151768702923913,1,-0.0998874802615747,1.60022780338674
1,10.1843450664752,0,-0.046215486738466,0,0,2.27739806275613,0,1.68291163476292,1.49327568230976
0,9.22025269906042,1,-0.10436968001035,0,1,-0.652001983388548,0,3.11759756392506,3.14611867087923
1,11.9726147873093,1,0.82635488870428,0,0,-0.0440226179137831,1,-0.155013404420025,1.87843141151317
0,17.492208179936,0,0.108940622085749,0,1,0.609960679874637,0,4.82975035780896,2.07919916064047
0,9.45870769112842,0,-0.0397609086369761,0,0,-1.63043622675904,1,-1.1631607937011,1.75429175956617
0,14.2324131757951,0,1.79706497576017,0,0,3.15008067950373,0,1.20931018001132,1.47597746140876
0,13.3646314736875,0,0.505541196757189,0,0,-0.407926079133363,1,0.0949053581603482,1.6470416291357
0,7.28192548343377,0,0.69635971744444,0,0,1.20772574797964,1,0.881681671983279,1.65446938525866
0,5.03591193066412,1,0.525257746137338,1,0,0.0378116770314593,0,0.357673456399718,1.27612872004852
0,4.02965691504343,1,0.611931195795676,0,0,-1.72724862079767,0,-0.52134572373828,2.41517087968472
0,14.2050968458716,0,1.47778743549671,0,0,1.87918329635849,1,0.213675942490965,1.50619659340208
0,11.8610317538748,0,0.0615061565721547,0,1,-0.922888208666771,0,2.36248692832454,2.07189493818718
1,19.4022868144425,1,0.446866814566857,0,1,1.55319074181924,1,2.75517331658249,2.40529325946909
0,14.2947004330522,1,2.11258113714479,0,1,-0.19596286816871,0,3.91357990764505,2.40221840512029
1,15.3987835643304,0,-0.366050477786175,1,0,-0.553066461367807,1,0.0503811869411837,0.855881815618659
0,17.3375343413398,0,1.46438432294963,0,0,0.584362655996295,0,3.32200808301571,1.4954626514646
0,9.99712360814011,0,-0.50710695999092,0,0,0.720030177404695,0,1.33011803528016,1.88727688096851
1,14.040391712914,0,1.86054359244937,0,0,1.26311287034978,0,3.26781395691262,1.19383328134885
1,15.4751730809766,0,-0.501495648950888,0,1,0.578596671067056,0,4.08163772793724,1.83784966286456
0,17.4774067520121,0,-0.639598209195134,0,0,-0.933116245510764,0,3.30331752674509,1.87923882145757
0,15.0506045853055,1,1.18690867030258,1,0,1.26723578492381,1,0.945050737567099,1.19341614532508
0,13.6845886921493,0,1.1017774195344,0,0,2.70097614765032,1,1.21276139872782,1.58337638130204
1,8.52710381091511,0,0.646981875569232,0,0,0.0400835380353106,0,2.679278533732,1.3521992451949
0,14.9182414438308,0,0.422370943778591,0,0,2.39017174495763,1,2.37342707113745,1.70548476970248
1,14.0010634896732,1,0.391870438238631,0,0,1.50803944138265,0,1.53343063577823,2.00155631608083
0,14.5370010148276,0,2.20013071619478,0,0,3.63010204810991,0,4.69885243182116,1.42417494424475
1,13.694580182289,0,-1.2855886933952,0,1,-3.40504346097258,1,0.653317625590226,1.98709849090994
1,11.19264782116,0,-0.864409838841669,0,0,-0.930999992218326,1,0.438436544014894,1.58953196626393
1,11.6925364062639,0,-1.15221475884345,1,0,-2.71190602229654,1,-1.48957979390493,0.905440706004313
0,14.7494564531261,0,1.1082500549076,0,1,2.01501965542807,1,0.322937050415905,1.8682362482779
1,12.6865260276982,1,-0.108776675056886,0,0,1.23086561445005,0,1.06473592074895,2.13108164628818
0,8.67956570269205,0,-0.0432127988698758,0,0,-0.573952530984558,1,0.0558631056898078,1.76726635330974
1,10.8393635207773,0,1.90170045354691,1,0,1.28832014653116,1,-0.992735255189281,0.746667634810767
0,6.72349710329396,1,-0.511791481751597,0,0,-2.06613670370309,0,2.32415214166265,2.73088755577735
1,8.13187238932435,0,2.11411332513653,0,0,2.97636968436437,1,0.19214064003607,1.19513887841975
0,11.4215557194579,1,-1.29522525644905,0,0,0.280512255964057,0,1.82717152090533,3.07022978994139
0,4.8074697745003,1,1.36591031079349,0,0,-0.285947207174932,1,0.934928651406339,2.22059804367299
1,5.24583010163369,0,0.385579303591164,0,1,-1.38447714063821,1,-0.817655151259995,1.66383198481437
1,16.4102607977443,0,-0.214497912014182,1,1,0.88374579338467,1,-0.646684872671979,0.940547401483463
0,9.69352430315424,1,-0.0759016603555314,1,0,1.16957543991245,1,-0.115173204186858,1.33547355199444
0,4.59323308179405,1,1.38490699859686,0,0,1.80239578448805,0,3.32302262900164,2.25302441509862
0,11.5485470422841,0,1.81929134279973,0,0,2.17702584552473,0,1.61338625840056,1.46354025374963
0,17.2842770688861,0,-1.50562505036248,0,0,-1.95404082777178,0,2.06440258590486,2.08896582928569
1,14.6490171877386,0,3.57758478023444,1,1,3.85311302266563,1,0.10019074301886,0.745325184119521
1,13.7655327934146,1,2.72559798231192,0,1,2.40111318421439,0,3.08957068476086,1.85742177401902
1,16.7349836491194,0,-0.347971998164426,0,1,1.85261105085266,0,3.57519891429401,1.83311245807063
1,8.91399423559642,0,0.0347580371490304,1,0,-0.535439705570744,1,-0.675619892838706,0.836395946126778
1,14.9187567654081,1,-0.504359787882591,0,0,-3.50255674822389,0,2.63842926178772,2.17785214746376
0,9.65165753688456,0,0.00351548677865771,1,0,0.399994271223589,0,0.315522437652151,0.993984473819469
0,12.0030567454501,0,0.859890005700336,1,0,-0.477221016527342,0,1.09090113201205,0.928595195055576
0,20.8578612773605,0,0.311941427704167,0,0,1.34328146863772,1,2.14204846512438,1.7152732133642
0,15.877737582837,0,0.350784374032706,0,0,-1.03653433149133,0,1.78598940897516,1.6700928802058
0,15.0720308548689,0,1.62952791124508,0,0,1.5214674608055,1,1.26781540672463,1.47812412596091
0,7.56668835272736,0,-2.12820159505358,0,0,-1.66212733440222,0,3.16842746251733,2.30952302582466
1,8.85505632002115,0,-0.392892484201609,0,1,-0.511612124081207,1,-1.35932747368075,1.80976914696365
0,21.1364659210464,1,0.355781930473353,1,0,-1.5798028897881,1,0.531895180960551,1.2668586459357
1,7.62679694410676,0,-0.696832667876616,0,1,-2.0582028718526,0,1.47881232730114,1.86989309744829
1,12.8579175011403,0,1.19954541529844,0,0,0.467706548052248,0,1.17814968353041,1.26901646962794
1,15.5702842385483,1,-0.279802799736544,0,0,1.4903691356268,0,2.91841513904975,2.18332288520391
0,16.075031889369,0,-0.268429834879075,0,1,-0.234317677384039,0,2.91117228980342,2.16312464475675
1,16.356448043677,0,1.36257628096662,1,1,2.59174278888144,1,-0.659769792996179,0.842769545598831
0,11.3474840404591,0,0.947768913466096,0,0,1.24073993058651,0,2.40277217406304,1.5910306678834
